benchmark_id,benchmark_name,estimated_difficulty,slope,mask
0,AI2D,"[-0.16762866, 0.09520502, -0.63836306, -0.39248523, -0.073082455, 0.15837434, -0.4237171, -0.17738079, -0.76782024, 0.3558078, -0.4788239, -0.7183538, 0.17661288, -0.23040451, -38.791256, 0.017763073, -0.08230149, -0.5398542, -0.009660236, -0.4281129]",1.0,"[-9.122756958007812, 2.661529541015625, -10.213727951049805, -8.976127624511719, -9.27160930633545, -7.284465789794922, -8.538045883178711, -8.839329719543457, -9.72512435913086, -9.874356269836426, -9.984620094299316, 3.423992872238159, -9.348859786987305, 1.946696400642395, 4.469471454620361, -8.773056983947754, -10.044047355651855, -9.705679893493652, -7.027668476104736, -0.7683365345001221]"
1,AIME 2024,"[-0.20349102, -0.034655567, -0.12939034, -0.07157567, -0.15591903, 0.10831498, -0.18024664, -0.1984405, -0.46486163, -0.35491115, 0.18226495, -0.589199, 0.014356495, -98.96566, -0.4735867, -0.34909338, -0.060055275, -0.2939276, -0.22480327, -0.31755555]",1.0,"[-4.403716564178467, -7.321878433227539, -7.68900203704834, -4.611593723297119, -4.6061601638793945, -6.765660762786865, -4.642135143280029, -3.6634016036987305, -5.037481784820557, -5.906609535217285, 11.995445251464844, -5.127277851104736, -5.145334720611572, -2.7693727016448975, -4.326968193054199, -3.9278008937835693, -5.536181449890137, -5.56487512588501, -6.234368324279785, -2.0182301998138428]"
2,AIME 2025,"[-0.21026033, 0.48061618, -0.08547319, 0.29862612, -0.2170056, -0.127528, -0.1687416, -0.03669635, 51.99137, -0.10788223, 0.3959057, -1.407982, 0.0784131, 0.8961778, -0.15394327, -0.45250645, -0.12933387, -0.27694654, 0.28766334, 0.20400473]",1.0,"[-12.281370162963867, -12.837127685546875, -12.608259201049805, -12.702272415161133, -12.460431098937988, -12.827996253967285, -12.577704429626465, -12.037755012512207, -14.938767433166504, -12.505385398864746, 4.485576152801514, -11.704569816589355, -12.741386413574219, 2.9349000453948975, -12.305338859558105, -12.50407600402832, -12.57175350189209, -12.570409774780273, -12.346819877624512, -12.423619270324707]"
3,AIME 2026,"[0.7145035, -0.7086805, -0.38091418, -0.57736695, 1.022274, -0.7974656, 0.39189667, -23.159168, 0.051057808, -0.14139545, 1.3856627, -0.3887904, 0.13326508, 0.7776666, -0.07306776, 0.15549047, -0.32736287, 0.119021244, 0.99573004, 0.9301242]",1.0,"[-7.9103569984436035, -7.86724328994751, -7.225009918212891, -8.760734558105469, -7.369699478149414, -7.865894317626953, -8.809797286987305, 5.172224998474121, 1.8288764953613281, -0.4786408841609955, -5.716914176940918, -6.960251808166504, -8.38665771484375, -8.334290504455566, -8.007411003112793, -7.0144429206848145, -7.919433116912842, -8.42888355255127, 2.6465892791748047, -1.9695465564727783]"
4,ANLI,"[-0.14866011, -1.0724859, 0.55806196, -0.35916823, -0.7314964, -1.1969748, -2.3936305, -0.7546353, -1.009134, 0.7624011, -0.031181809, 0.6437242, -0.32710338, -1.0492829, 0.306951, 10.279342, -1.0410789, 0.25735474, 0.19221112, 2.0802329]",1.0,"[-4.00496244430542, 2.567841053009033, -0.5000353455543518, -1.8747261762619019, -1.681565523147583, -0.012289519421756268, 2.106004238128662, 1.5805104970932007, 1.1111431121826172, 0.9640386700630188, -0.23678919672966003, 2.620720386505127, -2.911527156829834, 1.8282192945480347, 2.721327543258667, -0.7527478933334351, 3.0687766075134277, 0.7565614581108093, 0.003107079304754734, 0.5665237903594971]"
5,ARC AI2,"[-0.6458089, -2.0426857, -0.13775414, -1.0529639, -10.031959, 0.0631977, 0.84961396, 0.047204453, -2.864073, -1.5687916, -3.1172829, -1.7339865, 0.62912923, 4.3418584, 0.10753735, -0.844696, 1.8173873, 0.54788285, 1.2266824, -0.34681326]",1.0,"[-9.49810791015625, 4.268681526184082, -8.310717582702637, -7.603816509246826, 0.08460643887519836, -8.903324127197266, -9.183736801147461, -8.082169532775879, -5.780650615692139, -6.338776588439941, -1.1875804662704468, 5.013238906860352, -8.488168716430664, -9.20052719116211, 1.101001262664795, -9.306112289428711, -9.471758842468262, -8.605435371398926, -9.868346214294434, -7.915674686431885]"
6,ARC-AGI,"[5.584752, 0.3707322, 0.30864564, 0.27247882, -0.15302722, 0.058566593, -1.6037954, -0.49381799, -0.2523518, 9.974365, 2.9226687, -0.66262406, 0.31068882, -0.0031961077, 0.5027142, -0.3634279, -1.0025687, -0.12578127, -1.426095, -0.55797833]",1.0,"[-1.5028671026229858, -8.506620407104492, -6.778457164764404, -8.298530578613281, -7.250878810882568, -8.312243461608887, -5.9808669090271, -7.635013103485107, -7.7172064781188965, 1.0569530725479126, 4.871748447418213, -8.469498634338379, -8.165457725524902, -0.9941184520721436, -8.280722618103027, -7.755619049072266, -7.680251121520996, -5.846452713012695, 3.9152846336364746, -5.495896816253662]"
7,Aider polyglot,"[-0.16340499, -0.8951071, -0.21533696, 1.6121737, 1.0037642, -0.34887698, -1.1259471, -0.25981557, -0.8679441, -0.91717285, 1.4578089, -0.4751727, -17.165276, 0.9596592, -1.3476951, -0.33199492, -0.48441982, -0.77006114, 1.4522837, -1.942555]",1.0,"[-9.824108123779297, -9.493496894836426, -9.398033142089844, -10.548605918884277, -9.670003890991211, -9.251852989196777, -8.362332344055176, -9.433680534362793, -9.774927139282227, -9.485428810119629, 4.02315616607666, -8.154647827148438, -7.74263334274292, 4.708953857421875, -9.551446914672852, -10.066064834594727, -9.535481452941895, -6.009127140045166, -7.163651466369629, -7.011907577514648]"
8,Arc-AGI,"[-0.42582414, 12.487669, 0.20210236, 0.49263188, 1.3543622, 1.1013706, 0.07461974, -0.3377431, 1.108397, 0.29546013, -0.63214326, 1.5682418, -1.1186429, -0.5242473, -1.5493927, -2.0292218, 0.97204894, 1.9178401, 0.45700535, -0.029866183]",1.0,"[-10.079253196716309, -12.66158390045166, -10.784231185913086, -11.54385757446289, -11.304756164550781, -11.545730590820312, -10.783900260925293, -10.447776794433594, -10.965265274047852, 3.4657182693481445, 1.9811697006225586, -10.875311851501465, -10.606086730957031, -8.82219409942627, -10.157977104187012, -8.709880828857422, -11.44375228881836, -11.364940643310547, 4.60759973526001, -8.687379837036133]"
9,Arc-AGI 2,"[-0.20125517, 0.061421964, 0.056917384, 0.23751539, -0.21604021, 0.21171126, -0.11304682, -0.283154, -0.2076064, 43.813126, 2.232214, -0.4029225, -0.12279133, 0.82955277, -0.3424711, -0.4072229, -0.16289215, -0.25207204, 2.5190423, 0.22295578]",1.0,"[-9.213648796081543, -9.448897361755371, -9.6074800491333, -9.859846115112305, -9.47199821472168, -9.89527702331543, -10.068683624267578, -9.549077033996582, -9.693493843078613, -1.9899755716323853, -9.46589183807373, -9.713007926940918, -8.99901294708252, -10.162026405334473, -10.161996841430664, -9.723977088928223, -10.27888011932373, -8.863130569458008, 7.750662326812744, -9.29410171508789]"
10,Arc-C,"[-0.61883914, -3.1578639, 4.633986, 0.880961, 0.25943312, 1.5138855, 7.4319983, 0.62245893, -0.046206567, -0.75905937, -1.4049575, -0.6507652, -0.3932913, 1.2001334, -0.7951224, -0.7972214, -0.4311581, -1.7300255, -2.9948604, 0.50505805]",1.0,"[-10.006656646728516, 3.6589012145996094, -11.614739418029785, -11.095967292785645, -9.85755443572998, -10.838695526123047, -12.33486557006836, -9.667119026184082, -9.971648216247559, -10.531968116760254, -11.239408493041992, 5.565700531005859, 4.163980484008789, -7.8619704246521, -9.344504356384277, -9.4000244140625, -10.428297996520996, -9.463949203491211, -9.342162132263184, -9.951977729797363]"
11,Arena-Hard,"[-0.2730706, 0.1637762, -0.014992912, -0.022528471, -0.18267813, 0.0960479, -0.15799336, -0.22322321, -0.364995, -81.24296, -0.593674, -0.96343464, -0.11706171, -1.1266541, -0.33961108, -0.2718462, -0.11009565, -0.43196356, 0.272128, -0.1657809]",1.0,"[-10.833345413208008, -11.079381942749023, -11.036433219909668, -10.748976707458496, -10.831698417663574, -11.15912914276123, -10.80881404876709, -11.09860897064209, -10.807697296142578, -8.353508949279785, 2.399080753326416, -10.36097526550293, -11.166153907775879, 5.417479515075684, -11.009507179260254, -10.745487213134766, -10.744294166564941, -11.01552963256836, -11.529261589050293, -11.525243759155273]"
12,AutoLogi,"[-0.67349225, 0.19052082, 0.091764204, 1.0984775, -0.2898343, -1.3570405, -0.7200062, -0.19468847, 1.2319435, -0.78067225, -1.1167555, 15.538588, 0.5841619, -2.7741678, -0.18933204, -0.6537954, 0.12501808, 1.5158685, -2.0003376, 2.6661148]",1.0,"[-4.368330478668213, -9.3169584274292, -0.028650004416704178, -2.971783399581909, -0.8935334086418152, -7.930479526519775, -5.3958868980407715, 0.7760575413703918, -7.01725435256958, 0.6352202296257019, 4.022461414337158, -0.4537222981452942, -0.7439664602279663, 3.861375570297241, -4.813180446624756, -7.144557952880859, -3.1204984188079834, -3.003709554672241, 2.333881139755249, -1.1999446153640747]"
13,BBH,"[-0.15598992, -1.175632, -0.16554058, 0.3799068, 0.14825803, 0.0700254, -0.2680205, -0.07273177, -0.6612472, -0.23206644, -0.7316329, -1.3020538, 0.10423796, -1.26826, -0.3808182, -0.31378984, -0.36306822, 0.011918509, 0.41203243, -50.638508]",1.0,"[-12.073470115661621, 2.630004644393921, -11.81662654876709, -11.91375732421875, -11.999268531799316, -11.04097843170166, -11.940878868103027, -11.329069137573242, -11.084715843200684, -11.196905136108398, -9.946549415588379, 3.1357765197753906, -11.81505298614502, 2.271986246109009, -11.705971717834473, -11.650501251220703, -11.266324996948242, -11.193612098693848, -11.878168106079102, -10.436882019042969]"
14,BFCL V3,"[-0.32101256, 0.26696357, -0.049246315, 0.3222576, -0.13067997, 0.059668858, -0.54013115, -0.10010279, -0.49891993, -0.21342507, 0.6755231, -0.8421545, -0.038133, -0.69287664, -0.38129038, -0.27112296, -0.08857958, -0.49882087, 0.15717648, 69.21759]",1.0,"[1.8472952842712402, -7.419483184814453, 1.3739051818847656, 1.2643375396728516, -8.986335754394531, -4.5458784103393555, -2.083306312561035, -2.484508752822876, -8.154045104980469, -0.18191638588905334, -0.5477479696273804, 2.718484878540039, -8.703534126281738, 3.0355887413024902, -0.2984136939048767, -0.895363450050354, -6.600918292999268, -2.7278523445129395, 2.0670008659362793, -3.3775649070739746]"
15,Balrog,"[-0.21152698, 0.35162362, -0.16629606, 0.05785646, 45.074814, 0.33266878, -0.26479882, 0.10542413, -0.6509025, -0.07524396, -0.4773244, -0.73563635, -0.08393333, 0.045528077, -0.2756736, -0.3953949, 0.06898074, -0.16043493, 0.12473867, -0.37482783]",1.0,"[-0.9366775155067444, -8.018414497375488, -2.232184410095215, -7.462620735168457, 1.094273328781128, -6.369813919067383, -1.5577465295791626, -5.745392799377441, -4.499051094055176, -5.974132537841797, 2.3255090713500977, -1.1025853157043457, -1.5747673511505127, 3.005175828933716, -0.7040839195251465, -4.00014066696167, -7.81902551651001, -7.381710052490234, 2.5155529975891113, -3.356421947479248]"
16,BrowseComp,"[0.79647684, 1.2833792, -1.0400319, 0.4119465, 0.6442607, 0.47348502, -1.7404048, -0.2263707, -2.919224, -0.42067954, 5.5014353, -0.5399872, 0.76937765, -4.686098, -0.46151003, -2.098877, -10.177813, -0.8304861, 0.14290766, 1.1179103]",1.0,"[-6.743017196655273, -1.7332497835159302, -2.8230037689208984, -0.8709095120429993, 2.8428170680999756, -2.3354716300964355, -6.990991115570068, -2.773200750350952, -5.957038402557373, -3.368075132369995, -3.0855343341827393, -0.7258225679397583, -2.719071626663208, -6.949721813201904, -2.4591732025146484, -8.223899841308594, -1.6077251434326172, -4.129580974578857, 4.36927604675293, -1.445096731185913]"
17,C-EVAL,"[1.4226801, 0.014848222, -0.89994895, -0.23052356, -0.15281898, -20.323645, 0.5958356, 0.7411457, -0.76298964, -1.1682392, 0.9758265, -0.34257132, -0.8334596, -2.0960298, -0.50151014, -0.30719015, -0.17059717, 0.6986265, -1.0901147, -0.393884]",1.0,"[1.9250459671020508, -8.560395240783691, -9.938843727111816, -4.468348979949951, -6.0291571617126465, 2.9597082138061523, -10.090251922607422, -6.87518835067749, -2.870434045791626, -7.667903423309326, 0.9860162138938904, -4.3352370262146, -9.64394760131836, 4.347393035888672, -9.107993125915527, -2.0071797370910645, -7.129618167877197, -7.16692590713501, 0.8509317636489868, -10.027886390686035]"
18,CMMLU,"[0.51546687, 1.3298649, 2.6133704, -2.5262122, -0.6576581, -1.446267, -1.700195, -0.2969572, -1.5213721, 0.04962398, 0.12171315, -0.946991, -4.7700043, -2.3187542, -0.21488136, -0.1905891, 1.0722901, -1.360755, 0.03555675, -3.9431245]",1.0,"[1.4401801824569702, -1.9958999156951904, -9.428666114807129, -9.640596389770508, -10.137345314025879, -7.273703575134277, -8.798563003540039, -7.720849514007568, -6.730076313018799, -9.106537818908691, -10.65481948852539, -10.098246574401855, -7.315171241760254, 3.7688963413238525, -9.43309497833252, -3.5577661991119385, -6.428465843200684, -9.164234161376953, -4.478168964385986, -6.185582637786865]"
19,CadEval,"[0.3556978, -0.6039576, -0.11980395, -0.827214, -0.14770822, -0.7854321, 3.6155546, -0.05166728, 0.42007458, -0.22437747, -0.009661296, -0.5715832, -0.9357471, -2.2497206, 5.1129746, -0.59517473, 0.121705495, -0.4341615, -0.37163642, 6.9828305]",1.0,"[-7.2679524421691895, -7.634258270263672, -3.4007785320281982, -2.312966823577881, -2.0503199100494385, -6.671535015106201, 0.4866350293159485, -2.97354793548584, -7.906511306762695, -5.334628105163574, 3.1605758666992188, -5.193495750427246, -8.34243106842041, -3.030320405960083, -7.034245491027832, -4.754492282867432, -4.217170715332031, -7.508188724517822, 2.7582032680511475, -3.1058857440948486]"
20,CharXiv-R,"[1.0201831, 0.14462137, -0.11817433, -13.616782, 0.08799263, -0.122852795, 1.4994117, -0.17319827, -2.2007625, 0.87938505, 4.6206656, 0.39048055, 0.8369228, -2.5961664, -2.3029168, -1.2647241, 0.851026, -1.0816687, 1.0751007, -1.0456635]",1.0,"[-10.022177696228027, -10.136370658874512, -9.805325508117676, 2.6149978637695312, -9.463563919067383, -9.29317569732666, -10.584613800048828, -9.457246780395508, -5.557212829589844, -9.145960807800293, -10.083832740783691, -8.984149932861328, -10.241621971130371, -7.44097375869751, -9.147664070129395, -9.118568420410156, -10.187972068786621, -9.819975852966309, 3.056852102279663, 5.012501239776611]"
21,CodeForces,"[-0.1120135, 0.18317766, -0.16772498, 0.27367792, -0.12892112, 0.17892367, -0.228609, -0.20142928, -0.58181953, -0.24500462, -0.6307411, -0.8514937, -0.10581469, -0.1476278, -0.42362782, 83.298935, -0.12686211, -0.31486902, 0.09952955, -0.12684254]",1.0,"[-5.80113410949707, -5.753904819488525, -6.058781147003174, -6.048737049102783, -4.8471784591674805, -5.724531173706055, -5.779498100280762, -4.575880527496338, -5.358580589294434, -5.274141788482666, 11.972790718078613, -6.159450054168701, -5.603239059448242, -4.3865838050842285, -4.852843761444092, -7.780951023101807, -5.664705753326416, -6.446579456329346, -4.989771366119385, -6.1360602378845215]"
22,Creative Writing v3,"[-1.238075, -0.62745506, -0.20773552, -9.010075, -0.5313384, 0.8992608, -0.06667239, -0.37893707, 0.3295437, -0.04190395, -1.9991797, -0.28872913, -0.6533384, 0.36004007, 0.62245065, 0.9105178, -8.100749, 1.1021132, -0.045615323, -0.2766934]",1.0,"[2.1767032146453857, -7.784334182739258, -9.45688247680664, 3.201007604598999, -9.661694526672363, -9.360992431640625, -6.99347448348999, -9.266297340393066, -9.048880577087402, -9.571087837219238, -0.027715837582945824, -9.30334186553955, -8.786545753479004, 3.3467068672180176, -10.271103858947754, -7.5041327476501465, 1.2693349123001099, -10.209402084350586, 0.9691076874732971, -10.299898147583008]"
23,Crux O,"[-0.15333405, -39.045605, 0.009633382, 0.28826535, -0.4137256, -0.69787306, -0.62296534, -0.032197762, -1.8993429, -0.2681532, 2.3754463, -2.6994612, 0.49480724, -1.44422, -0.09585427, -0.039432503, -0.47442037, 0.49855715, -2.151783, -0.4587001]",1.0,"[-7.804501056671143, -8.87753677368164, -8.173521041870117, -6.581496715545654, -9.183743476867676, -5.4347147941589355, -9.071907043457031, -9.249101638793945, -9.659276962280273, -9.260270118713379, 2.453780174255371, 1.822455644607544, -8.863880157470703, 4.730304718017578, -9.17044448852539, -7.158526420593262, -4.138103008270264, -8.071407318115234, -8.93639850616455, -9.68515682220459]"
24,Cybench,"[-1.5361422, -0.3463742, 1.153836, -4.021188, -0.4335621, -0.73003995, -0.86493444, -0.34845534, -1.5649751, 1.0649394, 1.2855812, 1.3022655, 0.38019222, -3.653569, 0.5845457, -0.8406555, 8.478707, 1.082839, 1.5133842, -0.06117892]",1.0,"[-8.700364112854004, -9.461325645446777, -9.743234634399414, -8.193827629089355, -9.290072441101074, -9.570859909057617, -8.962017059326172, -9.752103805541992, -8.383325576782227, -9.618328094482422, 4.128134727478027, -10.091888427734375, -9.70097541809082, -7.143270492553711, -9.759501457214355, -10.021430015563965, -10.782156944274902, -10.417975425720215, 4.523044586181641, -8.697558403015137]"
25,DeepResearch Bench,"[1.6916007, -0.21656866, 2.754971, 1.2481184, 1.2845049, -0.01259467, 0.7099036, -0.26137412, -4.1137547, -8.045289, 0.7127152, -1.111817, -0.38322857, 1.6805527, 0.60651183, 0.3740816, 0.4180169, 1.1944901, 0.3645164, -1.360049]",1.0,"[1.5828344821929932, -4.963098526000977, 1.7626336812973022, 1.2599998712539673, 0.8836327195167542, 1.7498096227645874, 0.834937334060669, -0.2315317690372467, -0.195835679769516, 2.523817539215088, 2.408135175704956, 1.6577669382095337, 1.6057403087615967, -0.41040632128715515, -1.355468511581421, -1.450392723083496, 1.8576582670211792, 1.569639801979065, 2.283998966217041, -3.656964063644409]"
26,DocVQA,"[-0.013831973, -0.2966148, 0.07768776, -0.074416645, -0.046903607, -0.40745696, 0.110293165, -0.41727465, -1.2690601, -0.0836594, -0.7547396, -0.21848023, -0.04407205, -1.3847424, -32.98367, -0.11486909, -0.2117096, 0.19166076, -0.057917736, -0.061889976]",1.0,"[-10.086708068847656, 2.205451011657715, -9.927477836608887, -9.839512825012207, -9.511771202087402, -9.546226501464844, -9.34836196899414, -4.385199069976807, -8.925834655761719, -10.424591064453125, -1.4942890405654907, 2.2284345626831055, -10.401025772094727, -0.8389905691146851, 4.036036014556885, -9.388836860656738, -10.51171588897705, -1.9871084690093994, -10.745673179626465, -5.961940288543701]"
27,Drop,"[-9.622997, -0.97061515, -0.43340042, 0.6073675, -0.4486254, 0.016776843, -0.79418063, -4.29255, -2.590701, -0.753749, -1.8189849, 0.21811563, 0.050420154, -2.3554065, -0.22343251, 1.007795, 0.41100267, -0.75745493, 1.9794905, 0.8281037]",1.0,"[1.377273678779602, 0.9222663640975952, -0.6506498456001282, -9.440378189086914, 1.695190191268921, -8.887134552001953, 0.5100674033164978, -2.0096993446350098, -1.3337897062301636, -8.436823844909668, 1.1434268951416016, 1.5531196594238281, 0.8627626299858093, 3.7734649181365967, -7.846802234649658, -4.459277153015137, -8.415956497192383, 2.285963296890259, -1.372058391571045, -6.436091899871826]"
28,Eval Plus,"[0.2839741, -0.8525347, 0.13843043, -0.96559453, 0.051671907, 0.9316173, -0.46017987, 0.5839003, -2.956233, -0.0011421676, -3.977511, 13.577991, -1.6968064, 3.146995, -0.09858657, -0.3092115, -1.4814116, -0.7012285, 2.2403202, -1.7858926]",1.0,"[2.0261569023132324, 4.866730213165283, -6.966838359832764, -8.205180168151855, -8.272668838500977, -4.289028644561768, -7.452152252197266, -7.690858840942383, -2.6123626232147217, -6.9626054763793945, 3.9390923976898193, 0.012129580602049828, -7.34458589553833, 1.4580905437469482, -4.358800888061523, -5.238877773284912, -2.928260087966919, -4.53279972076416, -1.9729681015014648, -6.979526519775391]"
29,Factorio learning environment,"[1.1340208, -0.2999646, 0.35081643, 1.1551232, 0.015264726, 0.16035065, -0.18826047, -3.7579174, 1.9470091, -0.27335215, 0.17678875, -0.15166438, 1.1710111, 1.8965311, 8.501324, -0.61904675, 0.42522135, -0.3845414, -1.3889694, -1.335866]",1.0,"[-4.538542747497559, -1.47684907913208, -7.720053195953369, -9.006730079650879, -4.597658634185791, -4.9821295738220215, -6.549530982971191, -6.799749851226807, -9.269391059875488, -7.358699798583984, 1.7665852308273315, -3.0067126750946045, 3.171424627304077, 2.6187567710876465, 1.7671171426773071, -7.035521507263184, -7.26379919052124, -4.8022565841674805, -7.944055557250977, -6.746539115905762]"
30,Facts Grounding,"[0.70454425, -0.4451802, 0.39101034, -1.8193202, -0.06877136, -1.1232922, 1.9838012, 0.000962924, 0.054690644, 2.0596328, -1.5600332, -1.3146584, -10.389282, -0.2382672, -0.09577076, 0.80730534, -0.24664001, 0.6754987, -0.17308809, 3.0061808]",1.0,"[-8.78566837310791, 4.909962177276611, -8.69694709777832, -6.455027103424072, -7.238429546356201, -7.791891098022461, -8.568947792053223, -9.128825187683105, -7.842170238494873, -9.102801322937012, 2.671229600906372, 4.6832122802734375, 0.540527880191803, 3.1314187049865723, -8.346389770507812, -8.127102851867676, -8.051922798156738, -8.83233642578125, -9.234376907348633, -9.003941535949707]"
31,Fiction.LiveBench,"[-0.19287635, 0.55709386, -0.3161495, 1.0677791, 0.18095042, -0.8456286, -0.48973665, -0.5446822, -1.3555418, 0.64538026, 1.0396845, -0.41248235, -0.7101747, -0.34534076, -0.67357016, -25.31258, 0.044732135, 0.15251534, -0.7705218, -0.358203]",1.0,"[-9.499419212341309, -9.768540382385254, -8.938807487487793, -10.468270301818848, -9.347612380981445, -9.624756813049316, 5.344711780548096, -9.679065704345703, -9.260804176330566, -8.771717071533203, 4.369884014129639, -7.748329162597656, -8.892647743225098, -2.4461896419525146, -8.917923927307129, -0.3233473300933838, -9.263230323791504, -9.914848327636719, -8.917835235595703, -9.507591247558594]"
32,Fleurs,"[1.2833871, 9.47757, -0.045191515, 2.1659799, 0.8271237, 2.094537, -2.077014, 0.79030836, -0.3808263, 0.01762608, -2.4212098, -0.33314788, 0.83764386, 2.476434, 5.246038, -0.5032258, -0.98503447, 0.4346297, 2.0215895, 0.3549396]",1.0,"[-4.023884296417236, -3.4801721572875977, -4.212774276733398, -2.582956314086914, -3.9293200969696045, -3.962216854095459, -4.731201648712158, -3.3719322681427, -3.183871030807495, -4.257334232330322, -5.155313968658447, -3.692091703414917, -4.604534149169922, -3.724609613418579, -1.946656346321106, -4.374752521514893, -4.311731815338135, -3.3905723094940186, 11.988691329956055, -3.6310079097747803]"
33,FrontierMath-2025-02-28-Private,"[-0.25632188, 1.3355105, -0.7388008, 1.8754169, 0.30031726, -0.078503065, 7.516093, -1.120338, 0.26222834, -0.4613592, 3.9363942, -0.7897843, 0.9160297, -1.3909715, -0.51160455, 1.6195208, -0.50876725, 1.3586863, 4.9466333, -3.0103087]",1.0,"[-9.056739807128906, -10.544363975524902, -9.179737091064453, -9.22512435913086, -1.733739972114563, -8.517518997192383, 1.8879612684249878, -3.9356894493103027, -9.68622875213623, 0.42909500002861023, 4.204439163208008, -8.855989456176758, -7.5231614112854, 0.34704434871673584, -8.767865180969238, -4.412722110748291, -3.3517074584960938, 1.578621506690979, -7.520235538482666, -6.475563049316406]"
34,FrontierMath-Tier-4-2025-07-01-Private,"[-0.5013098, -0.14155447, 0.6208264, -0.59027606, 0.4334092, 0.097987756, -0.82486075, -0.1978394, 0.050451193, -0.09801177, 3.8782816, 0.24311279, -0.839715, 0.06518762, -1.3214045, 0.36688185, 22.089643, 0.43790853, -1.1992835, -0.34416497]",1.0,"[-8.108014106750488, -8.202569961547852, -8.02800178527832, -8.296295166015625, -8.13459587097168, -8.284950256347656, -8.217450141906738, -8.275171279907227, -8.376450538635254, -3.4600603580474854, 4.218719959259033, -8.404257774353027, -8.14538860321045, -7.2224202156066895, -8.511005401611328, -7.8000946044921875, 2.6850473880767822, -8.405383110046387, -3.519202947616577, -8.050143241882324]"
35,GPQA,"[-0.12204211, -0.33669502, -0.15577008, 0.139771, -0.16470556, 68.45319, -0.43798167, -0.20622161, -0.3414102, -0.36407715, -0.844374, -0.9639707, 0.017160472, -1.6266918, -0.21484153, -0.4003999, -0.24297066, -0.051028397, 0.108848095, -0.41362354]",1.0,"[-3.85957407951355, 3.423800468444824, -4.717553615570068, 0.3510284125804901, -7.509346008300781, 0.5936853289604187, 2.3959975242614746, -8.679756164550781, -5.368217945098877, -8.262572288513184, 2.6998515129089355, -2.1784136295318604, -8.719482421875, 1.5676703453063965, -1.7069884538650513, -8.277610778808594, -7.860189437866211, -8.074074745178223, -11.074816703796387, -7.142996311187744]"
36,GPQA diamond,"[-0.25134355, -0.060578153, -0.11672567, 0.19272615, -0.22067146, -0.028049503, -0.41158798, 0.020608477, -0.3417174, -0.16445419, 0.0808896, -0.6399273, -0.062025942, -0.10789821, -0.32991087, -0.36553305, -0.15867881, -0.16411339, -115.08006, -0.15128581]",1.0,"[-10.714071273803711, -6.505740642547607, -11.218426704406738, -10.9249267578125, -11.035643577575684, -11.06301498413086, -10.332351684570312, -10.199453353881836, -9.850235939025879, -1.994343638420105, 2.8451435565948486, 2.766278028488159, -11.132987976074219, 2.9860618114471436, -11.096232414245605, -10.597047805786133, -11.510263442993164, -11.487251281738281, 1.4543991088867188, 2.460630416870117]"
37,GSM8K,"[0.8966998, -2.0361347, -0.89037704, 0.21007489, 0.7880764, -0.7356072, -1.3558435, -0.17717987, -0.64305025, 0.04357626, -3.2250912, -0.3146666, 2.1705074, 1.0564684, -1.0216291, -0.046935212, -0.6505654, -11.9140215, -1.9903827, 0.096510254]",1.0,"[-8.644536018371582, 3.533839225769043, -8.446198463439941, -8.775705337524414, -9.107887268066406, -8.505914688110352, -8.360708236694336, -8.263243675231934, -8.469895362854004, -8.620969772338867, -8.689851760864258, 7.623843193054199, -9.302913665771484, -9.375102996826172, -7.813305854797363, -8.551469802856445, -8.614176750183105, -6.9077863693237305, -8.26111888885498, -8.783541679382324]"
38,GSO-Bench,"[0.4440664, 0.4876758, -0.12950428, 0.275319, -0.5132392, 0.36096504, 0.20656332, -0.849275, -0.6147586, -1.0061551, -0.3885802, -1.4295671, 0.38668287, 2.589735, -0.40181702, -0.54787093, 29.723614, -0.18779574, 1.3903263, -0.12857963]",1.0,"[-2.5303564071655273, -5.257402420043945, -1.7054507732391357, 1.3322218656539917, -1.288377285003662, -5.046064376831055, -1.631324291229248, -1.3942099809646606, 0.5550311207771301, -5.361332416534424, 1.5298081636428833, 0.5792026519775391, -3.155463457107544, 2.609596014022827, -3.81480073928833, -4.9731011390686035, 2.041170597076416, -0.5429056286811829, 1.6186730861663818, -3.739644765853882]"
39,GeoBench,"[1.1277442, -1.1176673, -0.11067795, 0.6433687, 0.41914552, 0.37344268, -0.0045209075, -1.0073026, 1.0295997, -0.41231543, -20.992283, 0.2117825, -0.3016671, 1.4989666, 1.2259983, -0.7362981, -0.30348998, -0.72157645, -0.6328414, -4.817838]",1.0,"[-8.64567756652832, -8.01610279083252, -4.237640380859375, -8.172649383544922, -7.732906341552734, -8.274886131286621, -7.379720687866211, -7.5329155921936035, -7.729276180267334, -7.56120491027832, 2.0455639362335205, 6.179225921630859, 1.3850730657577515, -1.2327359914779663, -8.713033676147461, -7.335209846496582, -7.7846479415893555, -6.742407321929932, -7.322653770446777, -5.3221893310546875]"
40,HellaSwag,"[-0.014613802, -1.3911456, -0.100621395, 0.35086852, -53.535618, 0.1656895, -0.39204526, 0.0029349, -0.50391585, -0.070322156, -0.5005757, -1.5776583, 0.014857203, -2.150164, -0.4563132, -0.25825554, -0.10727173, -0.26326168, 0.39674506, -0.27225995]",1.0,"[-10.671021461486816, 0.5752517580986023, -9.770800590515137, -11.41427230834961, 3.2944233417510986, -4.6967010498046875, -9.690316200256348, -1.4421401023864746, -9.13514232635498, -10.380478858947754, -10.473564147949219, 2.1086995601654053, -8.859511375427246, 2.355386734008789, -10.712242126464844, -8.2477445602417, 1.5190235376358032, -9.164932250976562, 0.3146304786205292, -10.829705238342285]"
41,HumanEval,"[-0.20361501, -0.6980375, -0.013486181, 0.052515708, -0.13833252, 0.20819342, -60.693546, -0.071944654, -0.31479773, -0.27891317, -1.0050207, -0.96898395, -0.08378097, -1.4113821, -0.2616464, -0.27385008, -0.095146924, -0.23996268, 0.106150195, -0.085945114]",1.0,"[-11.799715042114258, 4.507103443145752, -11.740294456481934, -12.44736385345459, -12.285778999328613, -12.177626609802246, 2.943960666656494, -11.640155792236328, -11.36165714263916, -11.902547836303711, -12.07120132446289, -10.066476821899414, -12.128992080688477, -9.548726081848145, -11.877792358398438, -11.961153984069824, -11.818028450012207, -11.89342212677002, -12.414217948913574, -11.798556327819824]"
42,HumanEval+,"[-0.11909598, -0.599982, -0.15771373, -0.49383238, -0.3335151, 0.20241816, 54.967186, -0.1380155, -0.18349603, 0.06738294, -0.787166, -1.1043845, 0.10552392, -1.2287053, -0.22775781, -0.31656155, -0.25829893, -0.29645914, -0.060138527, -0.10162528]",1.0,"[-3.007286310195923, 5.58662748336792, 0.7017267942428589, -8.078770637512207, -6.5482001304626465, -4.439756393432617, -9.30884838104248, -0.46634355187416077, 1.945820927619934, -5.865535736083984, -7.489736080169678, -0.9000411033630371, -8.022857666015625, -8.35102653503418, -6.496252536773682, -7.219999313354492, -7.750734806060791, -6.129184722900391, -0.9032704830169678, -4.251505374908447]"
43,Humanitys Last Exam,"[1.3358998, 3.6718788, 0.15500411, -4.0254445, 0.72949016, 1.1999667, -1.7460985, 0.2830051, 0.30799758, -2.2881489, 2.310403, -5.184238, -0.532408, 3.2504582, -1.9855163, 0.66935307, -0.2985445, -0.16723752, 2.543621, 2.8064911]",1.0,"[-7.603060245513916, -9.167430877685547, -9.287312507629395, -6.852574348449707, -8.08193588256836, -7.904446125030518, -6.796257495880127, -6.549198150634766, -5.034299373626709, -0.9769009351730347, 2.488879919052124, -7.581387519836426, -5.973697185516357, 4.125588893890381, -6.763744831085205, -8.27855396270752, -7.690374851226807, -8.842982292175293, 3.656372308731079, -8.639691352844238]"
44,INCLUDE,"[62.8052, 0.12638718, -0.06422267, 0.0876416, -0.2095331, 0.112087086, -0.3308282, -0.17769949, -0.39222285, -0.09071233, 0.32545397, -1.1223146, -0.0958115, -0.59564483, -0.4168286, -0.38296482, -0.2031934, -0.14729673, 0.20069943, -0.49035466]",1.0,"[-8.728395462036133, 0.796963632106781, -6.489938259124756, -6.152915954589844, -5.471288204193115, -2.3958957195281982, 1.532423734664917, -7.100192546844482, -4.048766136169434, -9.086403846740723, 0.3739023506641388, 3.219305992126465, -5.4486083984375, 3.4692671298980713, -6.247868061065674, 1.9546723365783691, -5.95603609085083, -9.166808128356934, -8.60409927368164, 2.674686908721924]"
45,IfEval,"[-14.215117, 1.8259156, -0.07305635, 0.041838728, 0.15979138, -0.094159804, -0.26376826, 0.5068037, 0.42598057, 0.8718384, -0.19722266, -2.9542267, -0.2583915, -1.8447709, -0.29378846, -1.222898, -1.4315481, 0.4457799, -1.5589927, -1.6064336]",1.0,"[3.169686794281006, -8.75532341003418, -9.44013786315918, -7.135425090789795, -10.518237113952637, -8.859359741210938, 2.9692468643188477, -9.564180374145508, -5.629657745361328, -8.14278507232666, -7.336459636688232, -4.593807220458984, -10.500243186950684, 3.8854715824127197, -10.419415473937988, -9.268155097961426, -10.239463806152344, -10.127927780151367, -10.400413513183594, 2.117337465286255]"
46,IfEval strict,"[-0.21555814, 0.034188844, -0.13860282, 0.15613797, 0.01760823, -0.0095196385, -0.34857735, -63.188957, -0.54726523, -0.15622012, -0.1738038, -1.0018284, -0.18075562, -1.4550698, -0.39524692, -0.29046354, -0.055349953, -0.377941, 0.40915796, -0.2866159]",1.0,"[-8.86628532409668, -0.1375783532857895, -3.450704336166382, -2.179718494415283, -6.157687664031982, -8.399614334106445, 3.3950583934783936, 3.703176975250244, -2.099264621734619, -9.463417053222656, -6.292937278747559, 2.6773273944854736, -8.599601745605469, 3.9902641773223877, -6.729644775390625, -7.2746806144714355, -8.949151039123535, -7.06304931640625, -9.215137481689453, -7.279502868652344]"
47,LAMBADA,"[-0.012777462, -0.9000332, 1.1533608, 0.26854855, 0.478918, -0.86810607, 0.13412033, -6.98727, 1.2799883, -1.059505, 1.7889433, -2.1119747, -0.43488005, -5.5344257, 0.57049775, -0.6243595, -0.60729986, -4.2612863, 1.1843154, -0.6797082]",1.0,"[-4.2995285987854, -0.635752260684967, -4.049161911010742, -6.030760288238525, -5.560635089874268, -7.755523204803467, -5.864401817321777, 2.3812317848205566, -7.599618911743164, -2.5943732261657715, -4.578790664672852, 1.5741482973098755, -6.375177383422852, -2.606260299682617, -6.558190822601318, -1.9172890186309814, 2.3569517135620117, 0.583419144153595, 0.16996973752975464, -1.5970592498779297]"
48,Lech Mazur Writing,"[-0.2080697, 0.19977349, -0.07237955, 0.8853659, -0.16006508, 0.20268601, -1.1441878, 0.28372538, 1.1084913, 0.16491461, -12.3040285, -0.5478886, 0.28283048, 2.68102, -6.4491334, 0.04199644, 0.7930992, 3.3618526, -0.6390518, -0.43498176]",1.0,"[-7.397071838378906, -3.9692327976226807, -6.712305545806885, -8.28393268585205, -8.608040809631348, -4.522686958312988, 2.9194436073303223, -6.723400115966797, -4.323630332946777, 2.328744888305664, 4.633434295654297, 2.106614828109741, -6.740438938140869, 2.8259899616241455, -3.8256642818450928, -1.896325707435608, 1.5805420875549316, -9.331889152526855, 0.46514320373535156, -3.587547779083252]"
49,LiveBench 24-11-25,"[-0.29276493, 0.25497288, -75.14017, 0.2578191, -0.06385454, -0.018918432, -0.5591166, -0.22222687, -0.46663633, -0.18775044, -0.12387401, -0.81808454, -0.044368304, -0.36556256, -0.22326599, -0.25574195, -0.16811226, -0.22368856, 0.12086797, -0.29354703]",1.0,"[2.843144178390503, -0.04745819792151451, -7.093676567077637, 0.09837954491376877, -6.895592212677002, -2.6457293033599854, -5.5989274978637695, -1.5408437252044678, -9.070352554321289, -7.690700054168701, 3.0878851413726807, 1.914190411567688, -6.959826946258545, 3.275705575942993, -8.670557022094727, -3.8723368644714355, -2.867748975753784, -7.992775917053223, 0.6899176239967346, 1.6587706804275513]"
50,LiveCodeBench v1,"[0.42546836, 0.57219833, -0.6644315, 1.0187287, 24.215504, 0.607827, -0.46234915, -0.16544288, -0.19481492, -0.3058944, -1.5563217, -0.38289875, 0.85188174, -2.6495495, 0.33354244, -0.13659056, 0.80078536, -1.5581822, 0.19411089, -0.565392]",1.0,"[-7.370094299316406, 4.093093395233154, -5.869182586669922, -8.366637229919434, 1.3317936658859253, -5.325423240661621, -0.3603917360305786, -6.4175567626953125, -1.6269209384918213, -6.124006748199463, 1.0875320434570312, -3.8436625003814697, -6.260984420776367, -1.1240341663360596, -5.948159694671631, -4.096105575561523, -6.426956653594971, -6.034939765930176, -7.869514465332031, -7.328694820404053]"
51,LiveCodeBench v4,"[-0.09169661, -0.0046579693, -0.4030365, 0.5329163, -0.15178572, 0.19305617, -0.31447166, -0.11159887, -0.50548023, -0.05997832, 0.6379683, 56.8752, -0.024275227, -1.1337565, -0.40452522, -0.25998414, -0.39483815, -0.42018455, -0.058187976, -0.17048085]",1.0,"[-9.98974609375, 0.2964974343776703, -9.749750137329102, -6.293181896209717, -7.59544563293457, -6.491524696350098, -5.925419330596924, -9.814319610595703, -8.266180038452148, -6.350441932678223, 2.767566442489624, -2.5990445613861084, -10.565871238708496, 3.4433681964874268, -9.983440399169922, -10.284741401672363, -9.723212242126465, -10.832430839538574, -10.684694290161133, -10.507264137268066]"
52,LiveCodeBench v5,"[-0.35211864, -0.7525857, -8.700185, 0.18143685, 0.44752026, 3.3516066, -0.18252791, 0.038492575, -0.58961767, -0.25193262, 1.4304438, -1.3758774, -0.3528525, -0.5457521, 1.1768899, -0.35635164, 3.5959094, -0.27520326, -1.0944041, -0.07295684]",1.0,"[-8.01346492767334, 1.9544785022735596, -8.850156784057617, -8.782952308654785, -9.097829818725586, -7.67762565612793, -7.631560325622559, 1.5865525007247925, -9.76756763458252, -9.427234649658203, 3.1834146976470947, -8.390496253967285, -9.021190643310547, 2.8931679725646973, -0.8226363658905029, -7.36599588394165, -8.00031566619873, -9.29875659942627, -9.270240783691406, 0.6269382834434509]"
53,MATH,"[-0.24060884, -0.29508936, -0.1823684, 0.20780367, 0.008987491, 0.057972223, -0.24645148, -0.16675192, -0.5387463, -0.32249853, 94.04941, -0.91296226, 0.020769427, -0.9066033, -0.3124749, -0.17979641, -0.10241019, -0.13887848, 0.3470826, -0.06414966]",1.0,"[-9.183972358703613, 5.3215508460998535, -8.603631019592285, -3.690382719039917, -9.822978019714355, -9.550287246704102, -9.74843978881836, -9.138826370239258, -8.241318702697754, -8.950128555297852, -7.140274524688721, -9.105712890625, -10.011029243469238, 3.919785737991333, -9.208724021911621, -7.251410007476807, -8.399863243103027, -9.649893760681152, -10.390786170959473, -9.952824592590332]"
54,MATH 500,"[-0.21880282, 0.39685902, -0.06549581, 0.23822631, -0.083461426, 0.049441274, -0.2973311, -0.17807703, -0.5921205, -0.3352653, -0.0562017, -86.57104, -0.085699454, -0.6706949, -0.35736507, -0.34453577, -0.07863678, -0.2729924, 0.09176394, -0.27229142]",1.0,"[-10.813859939575195, -11.218738555908203, -11.550498008728027, -11.545988082885742, -11.13866901397705, -11.610217094421387, -11.137173652648926, -11.073448181152344, -11.025140762329102, -11.298910140991211, 3.0312066078186035, 4.795340061187744, -11.328779220581055, 1.5808273553848267, -11.23889446258545, -11.184063911437988, -11.148874282836914, -11.08273696899414, -11.634641647338867, -11.129350662231445]"
55,MATH level 5,"[0.018794041, -0.09723532, -0.64402896, -0.17009702, 0.12784156, -0.3315216, -0.49552256, -0.06577867, -1.087854, 0.12014571, -1.2177948, -0.2834842, 0.32536083, -0.52072453, 29.19888, -0.040146194, -0.17440318, 0.15578343, -0.10032606, -0.44772032]",1.0,"[-7.819716453552246, -3.2058656215667725, -9.226967811584473, -3.990899085998535, -9.00961971282959, -8.93294620513916, 0.9449878931045532, -8.078269004821777, 1.9034085273742676, -7.422022819519043, 5.02921724319458, -5.313110828399658, -8.458537101745605, 0.6899097561836243, -10.601469993591309, -1.6031391620635986, -8.912677764892578, -9.338038444519043, -10.544482231140137, -8.00963020324707]"
56,MATHvision,"[1.3109379, 1.6070168, 0.9423752, 0.6350314, -0.26592088, -1.1100279, -0.47894546, -5.8828325, 0.5895913, -0.42512527, -0.89189535, 0.34189543, -0.00010326093, 0.32776454, 3.8197107, 0.21079887, 0.85760605, -0.58453226, 1.4229438, 0.55624956]",1.0,"[-7.220432281494141, -5.142037868499756, -6.557783603668213, -6.839305877685547, -4.937220573425293, -5.195093631744385, -6.25867223739624, 5.82007360458374, -5.967559337615967, 1.2565228939056396, -3.7195334434509277, -5.014828681945801, -1.078181505203247, -6.395460605621338, -7.9794793128967285, -5.998964786529541, -7.06306266784668, 1.0362571477890015, 5.13906192779541, -2.67630934715271]"
57,MATHvista,"[-0.18178922, -0.22241734, 0.37450355, 1.2468108, 2.0043025, -1.8859626, -0.81789637, -0.055144526, -1.5769236, -0.19672461, -2.1749644, -0.70083797, 15.417963, -0.31159022, -1.700859, 0.11086745, -0.2895363, 0.012223883, 0.63931566, -0.3475643]",1.0,"[-9.315966606140137, -3.277228832244873, -8.335434913635254, -10.029579162597656, -8.101442337036133, -9.041488647460938, -7.931591987609863, -9.387316703796387, -7.278759479522705, -9.835376739501953, 3.737891912460327, -8.533554077148438, -8.80123519897461, -0.5201839804649353, -8.857913970947266, -8.685335159301758, 4.1028242111206055, -8.602781295776367, -10.101645469665527, -7.895846843719482]"
58,MBPP,"[-0.12549998, -0.77973026, -0.05494847, 0.092907555, -0.23500186, 0.19853157, -0.31546038, -0.08021401, -0.4252991, -0.2606333, -1.260502, -1.205519, -0.015365816, 89.07585, -0.50045216, -0.22096662, -0.05733034, -0.16563977, 0.37524456, -0.26981375]",1.0,"[-8.217443466186523, 3.553521156311035, -10.902300834655762, -3.4132556915283203, -10.30742073059082, -10.412093162536621, -10.040399551391602, -8.907327651977539, -9.281635284423828, -8.77315902709961, 1.6669669151306152, 3.6394922733306885, -10.438848495483398, -10.950347900390625, -10.05039119720459, -10.107731819152832, -10.272565841674805, -5.337878704071045, -10.256548881530762, -10.077868461608887]"
59,MBPP+,"[-0.095456466, -0.12549593, -0.3595153, 0.018745588, -0.0633423, -0.037401658, -0.3261209, 37.680397, -0.6413238, -0.21601626, -0.760866, -0.82346493, 0.06325373, -1.8365477, -0.14419504, -0.21803895, 0.06050633, -0.28030595, 0.2870124, -0.19901219]",1.0,"[-1.5441067218780518, 3.998732328414917, -8.419281959533691, -9.75014591217041, -8.339658737182617, -8.364669799804688, -6.277750492095947, -5.918594837188721, -7.998261451721191, -8.4600830078125, -10.261707305908203, 4.8539533615112305, -7.62289571762085, -7.413397789001465, -7.938270092010498, -8.617840766906738, -9.637372970581055, -7.119649887084961, -6.728569030761719, -6.50217866897583]"
60,MCP Atlas,"[-0.28719768, -0.2491403, -0.055904217, 0.22841002, -33.79706, -0.033656407, -0.34590784, -0.039610215, 0.29055962, 0.124253705, 2.7238188, -0.272432, 0.07910184, 2.5107307, -0.11548578, -0.12042648, -0.3658857, -0.13846487, 1.2719047, 0.38909316]",1.0,"[-7.426559925079346, -6.464971542358398, -7.885166168212891, 0.04733438417315483, -6.83684778213501, -7.975849151611328, -6.811085224151611, -6.9990057945251465, -6.26218318939209, -8.193933486938477, -8.300470352172852, -7.079246997833252, -7.5935540199279785, 3.580000638961792, -6.756210803985596, -7.992562770843506, -5.58408260345459, -6.947948932647705, 4.833261966705322, -7.697473049163818]"
61,MGSM,"[-0.35109416, -0.37455896, -0.22552483, 0.38853943, -0.32181853, 0.1244386, -0.29277718, -0.09759673, -0.38389006, -0.19134595, -1.2353593, -0.85711426, -72.04935, -1.8522863, -0.19221924, -0.3337925, -0.08419129, -0.14573003, 0.0625174, -0.22494566]",1.0,"[-11.108262062072754, 3.7711730003356934, -11.299887657165527, -11.546021461486816, -11.671394348144531, -11.172119140625, -10.948471069335938, -11.2402925491333, -11.06118392944336, -11.11924934387207, -11.44154167175293, -2.7237277030944824, -0.7467808127403259, 4.767662048339844, -11.46809196472168, -10.857403755187988, -10.937725067138672, -11.811685562133789, -12.38512134552002, -11.619380950927734]"
62,MLogiQA,"[-0.26346606, 0.5133825, -0.3010292, 0.2975015, -0.28705922, 0.24228044, -0.26563206, -0.060222283, -0.56717044, -0.15892181, -0.11808718, -1.0297474, -0.27683878, -0.9038907, -0.23061632, -0.25348625, -0.026061907, 68.77801, -0.07520062, -0.4034992]",1.0,"[2.028357744216919, -2.1524860858917236, -2.5684666633605957, 1.5527019500732422, -4.6323113441467285, -3.195835590362549, -3.051400899887085, -3.057234525680542, 2.294079065322876, 1.2539782524108887, 2.5173287391662598, 1.1591894626617432, 3.0348589420318604, 3.12637996673584, 0.20998863875865936, -4.2460784912109375, -6.781190395355225, -8.475979804992676, -1.2296656370162964, -0.9269278645515442]"
63,MMLU,"[-0.25903577, -0.11153853, -0.17484741, 0.43119556, -0.12827836, 0.073250614, -0.18319301, -0.10464285, -40.902607, -0.23310673, -1.4417019, -1.6452755, 0.30498302, -0.78286314, -0.30699936, -0.4062031, -0.25703323, -0.21536674, 0.381038, 0.2589548]",1.0,"[-10.436747550964355, 1.613369107246399, -9.097898483276367, -7.087506294250488, -10.783967971801758, -8.255661964416504, -9.317586898803711, 0.260833203792572, 1.383777379989624, -10.412711143493652, 1.444374442100525, 3.9690001010894775, -10.090039253234863, 2.359741687774658, -8.198284149169922, -7.436642169952393, -10.045417785644531, -3.4609694480895996, -3.094404697418213, -7.824237823486328]"
64,MMLU-pro,"[-0.10293265, -0.16574402, -0.15709503, 92.691315, -0.079376265, 0.23870477, -0.26394394, -0.13825212, -0.40378788, -0.24670197, -0.45081082, -0.82656866, -0.08915637, -0.76179016, -0.4199454, -0.21384637, -0.13535613, -0.20961745, 0.37401044, -0.21244708]",1.0,"[-10.873515129089355, 3.79563570022583, -10.695891380310059, -12.767191886901855, -11.085856437683105, -10.72823429107666, -10.813356399536133, -9.875669479370117, -10.684572219848633, -11.078258514404297, 2.871309518814087, 4.203001499176025, -10.964386940002441, 3.975024700164795, -10.606725692749023, -10.804705619812012, -11.028481483459473, -10.908360481262207, -10.344504356384277, -10.130119323730469]"
65,MMLU-redux,"[-0.09147852, 103.13776, -0.11537553, 0.097906105, -0.16342138, 0.05760739, -0.51998603, -0.06717045, -0.4949501, -0.25641474, 0.08163495, -1.306871, -0.054600272, -1.3039681, -0.3694927, -0.27091148, -0.027318427, -0.282291, 0.28493133, -0.28991255]",1.0,"[-10.604395866394043, -14.166236877441406, -11.008755683898926, -11.481801986694336, -11.228264808654785, -11.196490287780762, -10.217556953430176, -10.595914840698242, -9.599161148071289, -10.866949081420898, -8.115379333496094, 5.486189842224121, -11.150026321411133, 4.799708843231201, -10.5961275100708, -10.830028533935547, -10.831231117248535, -10.982710838317871, -11.690983772277832, -11.014678001403809]"
66,MMLU-stem,"[-1.3035296, -0.91471595, -0.40662226, 1.7384448, 0.20873745, -2.713845, -0.040503595, 0.3441032, -1.2939374, -17.661526, -2.3983607, -1.5535324, 0.3360844, -1.2435017, 0.08685018, -0.4976326, -0.29744628, -0.37924048, 2.2080116, -0.029202119]",1.0,"[-9.232955932617188, 3.2502520084381104, -8.547407150268555, -9.630200386047363, -9.217782974243164, -6.8742241859436035, -9.214168548583984, -3.2378878593444824, -8.897865295410156, -0.6797444820404053, -8.800115585327148, 3.7071444988250732, -9.046905517578125, 2.124396562576294, -9.487886428833008, -9.228897094726562, -8.165533065795898, -6.746705055236816, -9.84259033203125, -8.887327194213867]"
67,MMMLU,"[0.15729001, 1.4071866, 0.87677354, 2.3739216, -7.647868, 1.1999089, -0.51755476, 0.15977395, -0.28821245, -0.011893362, 1.6348426, -0.8432752, -0.35745278, -12.998619, -0.7420723, 0.5815469, -0.31798923, -0.12713148, 1.6966339, 0.18157093]",1.0,"[-11.389409065246582, -6.799317359924316, -11.314767837524414, -12.20012378692627, -5.121872901916504, -11.549893379211426, -10.603551864624023, -11.601613998413086, -11.138952255249023, -10.313876152038574, 1.9542196989059448, 4.778387546539307, -11.356657028198242, 3.015836000442505, -11.472941398620605, -10.887619972229004, -10.590620994567871, -11.519543647766113, -11.166707038879395, -11.180011749267578]"
68,MMMLU-14-languages,"[-0.15606493, 0.06846913, -0.24383633, 0.028393598, -0.09192532, 0.28373265, -0.42746207, -0.19111158, -0.5092178, -0.120989345, -0.062243253, -0.8239479, -0.16640791, -1.1633333, -0.35821402, -0.32368574, -0.14627665, -76.6736, 0.28031558, -0.31293157]",1.0,"[-8.427081108093262, 2.7296342849731445, -9.231891632080078, -7.730962753295898, -9.00378704071045, -9.262947082519531, -8.638638496398926, -8.51430606842041, -8.267385482788086, -9.029552459716797, 1.143236517906189, 2.5877315998077393, -9.385761260986328, 3.501387119293213, -9.005441665649414, -7.8376545906066895, -9.174643516540527, 2.4651060104370117, -9.95252799987793, -7.935573101043701]"
69,MMMU,"[-1.0609845, 0.015297421, 0.2522254, 1.0027424, -0.23555534, -35.33041, -0.68765837, -0.6132126, -0.04935831, 0.3444041, -1.0208235, -1.1928452, 0.45442134, 0.5450151, 0.034359124, -0.1832843, -0.06893457, -0.79489344, 0.66927874, -0.19764744]",1.0,"[-8.17844009399414, -8.911161422729492, -8.979806900024414, -10.14937686920166, -9.545205116271973, 3.315284490585327, -0.9146501421928406, -9.204615592956543, -5.11685848236084, -6.7969970703125, 2.392611265182495, -8.436413764953613, -10.128491401672363, 2.1355550289154053, -9.811820030212402, -8.156630516052246, 3.0657076835632324, -9.596986770629883, -6.785808563232422, -9.006226539611816]"
70,MMMU-pro,"[-0.29307032, -0.025689254, 0.16689377, 0.5548308, 48.10108, -0.21441925, -0.14279401, -0.010409814, -0.19217575, -0.23879409, 1.7143961, -0.684018, -0.23480596, 0.94490516, -0.2677255, -0.31216255, -0.10550748, -0.34890828, 1.4226618, 0.019801196]",1.0,"[-8.006489753723145, -6.155860424041748, -7.9892730712890625, -8.107643127441406, -11.425078392028809, -7.368659973144531, -7.890383243560791, -7.170858860015869, 0.4735172688961029, 2.887237071990967, 2.368178129196167, 4.1897406578063965, -7.608366012573242, 3.503004789352417, -7.741778373718262, -6.789380073547363, -7.361866474151611, -7.673904895782471, 0.8810040950775146, 2.1755588054656982]"
71,MT-AIME2024,"[-67.221375, -0.23370788, -0.21530305, 0.16158007, -0.24779804, 0.28800613, -0.21570405, -0.30130485, -0.5008304, -0.30213994, 1.1975033, -0.355879, 0.026425377, 0.036431894, -0.33887777, -0.28556773, 0.11529304, -0.34229052, 0.20573321, -0.018695276]",1.0,"[-10.552469253540039, -10.699614524841309, -10.778604507446289, -10.508116722106934, -10.519044876098633, -10.790163040161133, -10.799723625183105, -10.681412696838379, -10.597497940063477, -10.541741371154785, 4.622991561889648, -10.517364501953125, -10.514451026916504, 3.551584243774414, -10.653830528259277, -10.669901847839355, -10.727701187133789, -10.591973304748535, -10.907971382141113, -10.73635482788086]"
72,MixEval,"[-0.4432927, -31.668285, 0.6880316, -0.4963508, -0.46676362, 0.5926368, 0.81034356, -2.0155745, 0.8412536, -0.7997696, -1.1162483, -1.2646906, 0.6820611, -2.160951, -0.39695835, -0.14923227, 0.09036947, 0.521116, -1.9454328, -0.062031254]",1.0,"[-7.313070297241211, 2.786287784576416, -8.435405731201172, 0.44881701469421387, -9.043963432312012, -5.89019250869751, -8.190929412841797, -6.70859956741333, -5.368524074554443, -5.835577487945557, 1.1220518350601196, 3.2813720703125, -8.585063934326172, 2.0798330307006836, -6.509556770324707, -7.079367160797119, -8.609152793884277, -8.031872749328613, 0.46635839343070984, -8.159031867980957]"
73,Multi-IF,"[0.22116838, -16.10613, -0.2802544, 0.278824, 0.610123, 0.7173163, -0.54251456, 0.43587083, 0.33189157, 0.24011849, -1.8180768, 0.47701955, -0.7659645, -0.869641, -0.6532846, -0.78439385, 0.28667563, -0.028546523, 12.272724, -0.20661417]",1.0,"[3.609086036682129, 1.022979736328125, -4.718876361846924, -4.818365097045898, -7.4903950691223145, -4.910386085510254, 2.0083706378936768, -2.1653170585632324, -7.525140285491943, -1.0947264432907104, -5.934367656707764, -9.039679527282715, -9.310029983520508, 4.169966220855713, 0.993699312210083, -1.8040361404418945, -6.94040060043335, -3.578794240951538, -7.097849369049072, -8.864311218261719]"
74,MultiPL-E,"[-0.042020556, -0.44420582, -0.15070687, 0.12188051, -0.1855022, 0.09940353, -0.49883303, -0.016687984, -0.46706882, -0.23548159, -0.9291469, -1.1208838, -0.1883975, -1.5037041, -0.29726866, -0.29081947, -69.93613, -0.26432955, 0.16076611, -0.20661928]",1.0,"[-5.216738224029541, 4.738977909088135, -9.447746276855469, -9.007683753967285, -8.286273002624512, -3.3800644874572754, -8.992878913879395, -1.1311033964157104, -7.557628631591797, 0.44202524423599243, 2.370189666748047, -0.8192771077156067, -8.702942848205566, 2.900836229324341, -8.543575286865234, -6.119491100311279, -7.718286514282227, -8.841687202453613, -8.034564971923828, -7.533849716186523]"
75,OSUniverse,"[-1.038337, 1.1874726, 1.390685, -1.842253, -0.28243116, -0.5657007, 1.19971, 1.8207943, -0.15860118, 9.193078, 0.6771824, -0.41874325, 0.03544506, -2.6032233, 0.32777056, -0.5736536, 2.0205429, 0.59480625, 1.2507805, -0.7549407]",1.0,"[-7.1799116134643555, -7.146910190582275, -6.448638916015625, -5.0951924324035645, -0.39356979727745056, -6.8849921226501465, -6.117912769317627, -0.07222733646631241, -3.7770001888275146, 2.0539395809173584, 0.17326611280441284, -5.646717548370361, -5.5887556076049805, -1.947251319885254, -4.681457996368408, -7.0463433265686035, -7.172667026519775, -2.7535393238067627, 4.885085582733154, -4.486047744750977]"
76,OSWorld,"[-0.312224, 0.10045465, 0.048674423, 0.016252212, -0.30311537, -0.52145827, 0.06234609, 0.32770276, -1.3908062, 21.142744, 0.3976699, 0.5192576, -0.13605703, 0.55890965, -0.7295246, 0.7342653, 0.13813773, 1.5815319, -0.03631131, -0.5350978]",1.0,"[-5.0581159591674805, -6.598355770111084, -6.606138706207275, -7.494542598724365, -3.2074289321899414, -6.550639629364014, -6.396446228027344, -7.027482986450195, -6.781619548797607, 1.9815826416015625, 4.581704616546631, -3.5047264099121094, -2.8309595584869385, -0.8394976258277893, -8.228596687316895, -6.236626625061035, -6.582498550415039, -0.09226857125759125, -4.482502460479736, -6.239666938781738]"
77,OTIS Mock AIME 2024-2025,"[-0.07975072, 0.1151021, 0.11425535, -1.3266484, -0.35094115, 0.2146488, -0.10164061, 0.13249862, 0.2298068, -0.5575352, 1.2066215, -1.0155915, 3.9441133, 1.4969919, -0.21509379, -12.070868, -0.6233865, -0.13797082, 1.4634408, -0.7330295]",1.0,"[-3.793152093887329, -4.9728803634643555, -6.633463382720947, -3.1868748664855957, -3.723679542541504, -3.4384450912475586, -4.812621116638184, -3.6906144618988037, -4.213866710662842, -4.120702743530273, 13.321731567382812, -4.787517070770264, -3.256589889526367, -2.982736110687256, -4.27647590637207, -3.771427869796753, -6.224077224731445, -5.166127681732178, -5.615197658538818, -4.341399192810059]"
78,OpenBookQA,"[-0.34288308, -0.89909875, -0.1126979, 0.15615824, 0.10027925, 0.008806887, -0.32649255, -0.25339362, -0.2913655, -0.57286, 0.17759739, 40.74621, -0.23561093, -2.3276334, -0.4876774, -0.35762036, 0.28635693, 0.20860298, 1.0277658, -0.65956426]",1.0,"[-6.142289161682129, -4.5399909019470215, -2.0441415309906006, -3.5483360290527344, -5.250945568084717, -4.990319728851318, -2.8213086128234863, -7.013226509094238, -5.8831377029418945, 12.406730651855469, -4.641818046569824, -8.612446784973145, -6.112077713012695, -8.64500617980957, -4.047040939331055, -5.440298080444336, -3.495253324508667, -5.565783977508545, -7.218689441680908, -5.360019207000732]"
79,PIQA,"[-0.3207458, -2.5433593, -1.312669, -0.5352722, -6.252242, -2.441586, -1.3131616, -2.5090213, 0.6507844, 0.34913957, -1.6708815, -1.8224503, -1.0484339, 3.416844, -0.79438084, -0.72514313, -0.30429757, -1.202326, -1.1492949, 0.0020333852]",1.0,"[-1.2013921737670898, 2.351431369781494, -1.3103643655776978, -2.7950522899627686, 4.471909999847412, 2.121483564376831, 2.7322468757629395, 1.8865848779678345, -3.601292133331299, -2.9694864749908447, 1.9154417514801025, 2.3354909420013428, 2.20988392829895, 0.9528851509094238, -4.751570224761963, -2.0023984909057617, 2.7914466857910156, 2.9079225063323975, 1.346237063407898, -1.6050080060958862]"
80,PolyMath,"[-0.25142005, -0.116847344, -0.1854645, -0.004279837, -0.17544703, 0.12364055, -0.47532684, 62.742077, -0.42808548, -0.14382094, 0.27546808, -1.1382334, -0.08589871, -0.8909613, -0.38639006, -0.3263842, -0.17012447, -0.56540686, 0.4216332, -0.21856417]",1.0,"[1.3386632204055786, -4.151905059814453, -7.670357704162598, -1.2997314929962158, -1.0345267057418823, -7.178999900817871, -6.450835227966309, 1.2673105001449585, -6.498380184173584, -7.19347620010376, 3.5342512130737305, -4.205254077911377, -2.4834671020507812, 2.594996213912964, -7.893428802490234, -5.4296770095825195, -8.10639762878418, -4.837954521179199, 0.9824165105819702, -0.5282684564590454]"
81,SWE Bench Pro,"[0.338521, -0.6049383, -1.4044758, 0.95284414, -0.45321134, -0.81264883, -0.36351788, 0.087701306, -0.6103507, 0.47025424, 2.2865384, -24.087847, -1.2007079, 2.2762735, -0.2618317, -0.37598962, -1.1846622, -0.04490383, 0.3043042, 1.006099]",1.0,"[-8.828099250793457, -9.314164161682129, -8.135429382324219, -8.316614151000977, -8.328943252563477, -9.0521240234375, -8.917937278747559, -8.856087684631348, -1.0140604972839355, -7.718774795532227, 3.7676279544830322, -9.021624565124512, -9.15733528137207, -1.2518651485443115, -8.653831481933594, -8.944066047668457, -8.637831687927246, -9.186986923217773, 2.226283550262451, 3.2295236587524414]"
82,SWE Bench Verified,"[-0.11992963, 0.45757753, 51.17196, 0.47900867, -0.43548885, 0.0746231, -0.2206096, -0.16573776, -0.641318, 0.020960385, 0.6835412, -0.4108872, 0.09800743, 1.0843449, -0.26803002, -0.043642428, -0.24308498, -0.07740148, 0.8623614, -0.08113349]",1.0,"[-9.793657302856445, -10.077995300292969, -12.716008186340332, -8.48098373413086, -4.528591632843018, -8.572720527648926, -9.734890937805176, -9.543447494506836, -9.638406753540039, -9.799443244934082, 3.478947877883911, -8.468884468078613, -9.293564796447754, 4.139413833618164, -9.129617691040039, -9.587852478027344, -10.110177040100098, -9.330141067504883, 2.0934085845947266, 3.5529003143310547]"
83,SWE-Bench verified,"[0.28034297, 0.2791517, 0.11314859, 1.9344348, -0.641643, 0.14839722, 1.4266926, 12.51782, -0.87314135, 2.7397113, -1.9068133, -1.8657715, -0.31178278, 2.9651198, -0.17179948, -0.024296831, 0.04894145, 0.3717198, -0.06465378, 0.06829556]",1.0,"[-7.9035797119140625, -9.965697288513184, 1.6202316284179688, -2.0124149322509766, -7.8265862464904785, -7.277347087860107, -7.801548480987549, -3.2036099433898926, -8.627617835998535, -8.256814002990723, 3.128699779510498, -8.017644882202148, -9.02230167388916, 3.2416164875030518, -8.895777702331543, -8.222111701965332, -8.6222562789917, 3.8403093814849854, 2.278515577316284, -8.715614318847656]"
84,ScienceQA,"[2.3913474, -1.4248308, -0.8299399, 0.49961448, 1.2015965, 1.9849873, -1.2530535, -0.6713278, 1.2750956, -1.4865063, -0.56982493, -1.1812879, 0.21457335, -0.33841282, 0.29536417, -2.3323016, -5.214487, -1.0048422, 3.5500839, 0.70120543]",1.0,"[-6.241832733154297, 2.957918643951416, -5.742581367492676, -5.160852909088135, -7.355806350708008, -2.9631247520446777, -2.7411887645721436, -5.874913215637207, -6.960556507110596, -5.80885124206543, 1.9185218811035156, 4.254889011383057, -7.597286224365234, 2.4592912197113037, -1.060317039489746, -2.562732458114624, 3.1495511531829834, -3.883291721343994, -5.701339244842529, -2.3600943088531494]"
85,SimpleBench,"[0.0107873995, 0.75776887, -0.16237688, -0.124903314, -0.2788271, 0.19045673, -0.29172724, 0.009000309, -0.68705106, -0.2930719, 0.6283988, -0.6580543, 0.16148393, 1.5412513, 0.045084827, -0.15625611, 54.735485, -0.14296827, -0.28903154, -0.025530053]",1.0,"[-7.681029796600342, -10.446905136108398, -9.133355140686035, -7.955926418304443, -9.465956687927246, -9.48132610321045, -7.667013168334961, -9.900731086730957, -6.411207675933838, -8.05820083618164, 2.921968698501587, -8.384057998657227, -9.038202285766602, 3.4636008739471436, -8.207700729370117, -8.788179397583008, 0.8126846551895142, -8.770341873168945, 2.495608329772949, 2.670713424682617]"
86,SimpleQA,"[-0.7093029, 0.8379005, -0.43256897, -0.020698898, 0.11102577, -0.36018124, 0.098369315, -0.0007094671, -1.344888, -0.43245932, -73.31239, -1.1517277, 0.008751788, 1.8464578, -0.16435051, -0.11895436, 0.009479547, -0.088585116, 0.2736061, 0.25770274]",1.0,"[-8.976739883422852, -9.880227088928223, -9.954230308532715, -7.8350653648376465, -9.861956596374512, -9.543810844421387, -9.956122398376465, -6.586424350738525, -9.262557983398438, -10.356982231140137, -8.738282203674316, -5.320133209228516, -9.829145431518555, 10.814026832580566, -10.210396766662598, -8.133880615234375, -9.587313652038574, -9.246397018432617, -9.994977951049805, -4.288766860961914]"
87,SuperGPQA,"[-0.35649967, 0.071253166, -0.08900898, 0.041942388, -0.09993523, 0.11957499, -0.68272334, -0.15834141, -0.6681087, -0.0057363515, 0.7792679, -1.3264906, 0.17288083, -0.18156148, -0.4446728, 47.39567, -0.053585052, -0.12983903, 0.27092102, -0.6663463]",1.0,"[-7.441402435302734, 3.3162286281585693, -8.850875854492188, -7.977262496948242, -8.941226959228516, -7.584873199462891, -8.7121000289917, -7.665290832519531, -8.881336212158203, -8.715239524841309, 3.23707914352417, 1.1638271808624268, -8.904925346374512, 3.627760887145996, -8.9194917678833, 0.5279254913330078, -8.997795104980469, -9.263943672180176, 3.1621031761169434, 2.162682294845581]"
88,Terminal Bench,"[-0.40490353, 0.28699765, 0.8616728, -1.4562442, 0.6875001, -1.1991318, 0.68678856, 0.5441807, 0.7759138, -0.12571429, 3.435379, -3.8062985, 0.6834605, 2.7264645, 0.21328864, 7.066871, -0.3574833, -0.17497812, 7.7933726, -0.020000033]",1.0,"[-6.482720851898193, -9.082853317260742, 3.9344186782836914, -7.976449012756348, -8.321935653686523, -5.289259433746338, -5.875092506408691, -8.229912757873535, -5.987731456756592, -8.690826416015625, -8.669836044311523, -7.573713779449463, -9.090954780578613, 4.075343132019043, -8.0755615234375, -5.130701065063477, -8.457962989807129, -4.420223712921143, -4.512828826904297, -6.942702293395996]"
89,Terminal Bench 2,"[-0.76423556, 0.11453997, 0.3467776, 0.0561346, -0.28921044, -0.17276347, -0.37531093, -0.06542143, 0.4582083, -0.680386, 3.300703, -1.1477665, -0.5783496, -0.7667277, -0.7012427, 0.16358982, 0.9643431, -1.9200885, 1.1604602, -22.110327]",1.0,"[-7.79219388961792, -7.457578182220459, -6.222602844238281, -2.0097861289978027, -5.109374046325684, -8.801573753356934, -8.66026496887207, -8.622749328613281, 3.604813575744629, -6.861144065856934, -6.836406230926514, -7.7150444984436035, -8.45551872253418, -8.558064460754395, -8.363092422485352, -7.778298854827881, -8.702240943908691, -7.958486080169678, 3.6814863681793213, -5.804958820343018]"
90,TextVQA,"[-0.81957847, 1.0085992, -6.1597033, 1.7350078, -1.3057917, -0.7526085, -0.34254533, -0.6016063, -0.70559305, -2.8748996, -0.42728105, -0.44825262, 0.016396366, -0.87814844, -1.534908, -1.2257812, -0.79728633, 0.60629505, 6.7684975, 0.5273642]",1.0,"[-8.555394172668457, 1.5573809146881104, 2.326300621032715, -9.613435745239258, -1.765798568725586, -7.1123948097229, -8.973611831665039, 1.6354904174804688, -5.317797660827637, -2.251044750213623, -9.902261734008789, 3.2464659214019775, -8.429645538330078, -3.682194709777832, 2.7450783252716064, -6.080970287322998, -8.874276161193848, -1.0382319688796997, -10.9418306350708, -3.952279806137085]"
91,The Agent Company,"[0.76460767, 0.68994296, -0.9780424, -0.7933852, -0.40658718, 1.0799776, -0.79632914, -0.10037681, 0.83734804, 0.2927263, -2.029477, -0.98594534, 4.954608, 2.532987, -0.78062916, 7.6296587, 0.89664996, -0.25244612, -2.632463, -1.9291734]",1.0,"[-1.9587360620498657, -8.028679847717285, -5.53784704208374, -7.081631660461426, 1.1291022300720215, -0.058227814733982086, -4.440816879272461, 1.1921895742416382, -1.3947144746780396, -2.184537649154663, -1.6982932090759277, -4.9461259841918945, -2.676344871520996, 4.698156833648682, -7.895857334136963, 2.7212986946105957, -2.979384422302246, -6.669865608215332, -3.6464931964874268, -1.570785641670227]"
92,TheoremQA,"[-0.11870853, 0.0088821305, -1.1803567, -0.09028064, -0.3447988, 1.2634424, -0.3113009, -12.939672, -0.65140283, 2.7708325, -2.5227175, -2.0023417, 0.14684568, 0.18976834, -1.3604125, -0.5694858, -0.30219042, -0.459633, 0.39535657, -0.12841152]",1.0,"[-9.791645050048828, 2.9569294452667236, -9.086101531982422, 0.908860445022583, -7.974067687988281, 2.0363173484802246, -9.252079010009766, -5.730886459350586, -8.237166404724121, -7.118923664093018, -2.7010369300842285, -2.552751302719116, -7.805010795593262, 2.525646924972534, -9.213714599609375, -6.934314727783203, -8.74775505065918, 0.9840682148933411, -7.506052017211914, -9.72576904296875]"
93,TriviaQA,"[-1.3212395, -1.965899, -2.9527752, -0.26979345, -0.43268117, -1.2144028, -0.6916688, 4.2134113, 0.85233873, 0.26951942, -0.8113058, -0.23373087, 0.58423644, -3.1132112, -0.65152836, 0.50465596, -0.124868274, -4.5969152, 1.0735041, -0.7695313]",1.0,"[3.349463701248169, -9.400936126708984, -0.7582793235778809, -8.780996322631836, -8.729938507080078, -8.676409721374512, -9.145125389099121, -0.3664935231208801, -6.492274284362793, -9.624685287475586, 1.8087356090545654, 2.1428918838500977, -8.449346542358398, 3.9885644912719727, -9.272525787353516, -5.938864231109619, -8.630242347717285, 1.488725185394287, -4.889420986175537, -8.519561767578125]"
94,TruthfulQA,"[-0.990379, -1.4787498, 17.49477, 0.3546706, 1.1046131, -0.16370425, -2.1118174, 0.023206117, -0.49835688, -0.30227584, 1.9276541, -2.071844, -0.1246706, -1.8219862, 1.2104092, -0.99312264, 1.2650691, 0.9114487, 0.90085423, 0.08706409]",1.0,"[-4.909759998321533, 3.3755671977996826, -3.04399037361145, 2.4019858837127686, 1.9879308938980103, -8.625608444213867, -7.8152360916137695, -6.150477886199951, -6.189650058746338, -9.639634132385254, -9.687374114990234, 2.4568681716918945, 3.2414751052856445, -2.293844699859619, -2.0628247261047363, -0.32087719440460205, -4.870144844055176, -8.168623924255371, 2.0160093307495117, -4.436144828796387]"
95,VPCT,"[-0.26864088, 0.12232909, 0.0018740289, 1.2136382, 2.0600677, -0.3589713, 0.5955044, -2.0455139, -0.14480157, -0.09399131, 2.3438506, -0.45642734, -0.068001494, -0.3044285, -0.5150457, -0.28971654, -0.8115544, -0.84483224, -0.8924614, 16.012142]",1.0,"[-9.970669746398926, 2.4908087253570557, -8.43114185333252, -8.686408996582031, -8.995294570922852, -5.321761131286621, 0.4247821867465973, -2.8650496006011963, -0.33223310112953186, 0.6090912222862244, 1.6604608297348022, -1.4560788869857788, -9.271955490112305, -1.1231348514556885, -6.763426780700684, -2.519582986831665, 0.47828394174575806, -9.88537883758545, 2.060434579849243, -0.6958751678466797]"
96,VideoMME,"[-1.7343602, -1.1347222, 1.1042844, -1.0697507, -1.078231, 0.76118344, -3.5882099, 1.6500441, -0.04520596, -1.1831858, 1.270815, 1.5365517, 1.5171167, -0.9655507, -1.347348, 5.4132867, -0.5077892, -0.03579897, 0.0484036, -0.29323107]",1.0,"[2.6434314250946045, -7.623230457305908, -6.629509925842285, 3.854344606399536, -7.465755462646484, -4.439758777618408, 1.002734661102295, -7.256415843963623, -6.474363803863525, -0.7690723538398743, 2.216195583343506, -5.291010856628418, -7.56782341003418, 5.192514419555664, -5.837381362915039, -7.19592809677124, -1.6335248947143555, -7.775186538696289, 2.6181654930114746, 3.9886934757232666]"
97,VideoMMMU,"[1.123128, 0.2006691, 0.2507278, -0.020701936, -0.7881409, 0.876862, -1.1700548, -0.4178205, -0.2897259, -21.301174, 3.6866074, 0.8633329, 0.036158394, -0.69719654, -0.4672573, -0.68452233, -0.24527054, 0.43017796, 0.040599752, -0.4732806]",1.0,"[-3.0562050342559814, -3.3321990966796875, -9.674667358398438, -4.8891520500183105, -8.268558502197266, -2.7743723392486572, -6.3991498947143555, -7.133028507232666, -8.254631996154785, 3.3297924995422363, 0.9874878525733948, 1.3494457006454468, -8.20549201965332, 2.5606839656829834, -8.591243743896484, -8.769499778747559, -8.567337036132812, -9.225004196166992, 0.5623428821563721, 2.31168270111084]"
98,WeirdML,"[-0.060678836, 0.28464398, -0.20560552, 0.43201208, -0.31261066, 0.3337437, -0.29058653, -0.15623766, -0.5787787, -0.37139612, 0.19312212, -0.825889, 57.895473, -0.09626793, -0.2973824, -0.12536672, -0.13639513, -0.1952956, 0.0018866635, -0.030600842]",1.0,"[-8.867794036865234, -5.567035675048828, -8.952727317810059, -7.6488237380981445, -7.367829322814941, -5.187445163726807, -7.475398540496826, -7.593275547027588, -2.8638830184936523, -9.270700454711914, 2.8074350357055664, -9.068100929260254, 0.9754837155342102, 3.1882028579711914, -7.1784820556640625, -8.08882999420166, -7.311163902282715, -6.408957004547119, -1.8874961137771606, -4.543432235717773]"
99,Winogrande,"[-0.5566412, -0.38593423, 0.11400261, 0.5281229, -0.48872367, 0.42161313, -0.31055662, -0.053434398, -0.33578998, -0.39269337, -1.2161131, -2.2547572, -0.6342219, -1.7590011, -0.28085473, -0.45941022, 0.036941577, -30.027697, 0.7795296, -0.41878024]",1.0,"[-10.054424285888672, 1.7347602844238281, -8.03731918334961, -10.305266380310059, -9.210082054138184, 1.3359801769256592, -6.324417591094971, -3.575155019760132, -7.314591407775879, -4.3002777099609375, 2.1580514907836914, 3.266787528991699, 2.7728753089904785, 2.8267221450805664, -10.0407075881958, -4.519335746765137, -8.347704887390137, 3.7972114086151123, -0.026152197271585464, -8.691208839416504]"
100,ZebraLogic,"[-0.31576952, 0.36842334, -0.15300837, 0.09533749, -0.2647474, 0.19146806, -0.39374968, -0.13039769, -0.17778562, -0.24614058, 0.3616673, -0.8997136, -0.10205403, -0.84376407, 76.83274, -0.39740676, -0.16198082, -0.48487255, -0.1036635, -0.06669886]",1.0,"[-10.29207992553711, -10.186232566833496, -10.350377082824707, -10.49348258972168, -10.595600128173828, -10.514378547668457, -10.43513011932373, -10.203089714050293, -10.340412139892578, -10.479156494140625, 5.401228904724121, -9.745580673217773, -10.678308486938477, 4.14313268661499, -12.800919532775879, -10.25499153137207, -10.517327308654785, -10.390358924865723, -10.784504890441895, -10.204216003417969]"
