model_id,model,estimated_capability
0,Claude Mythos Preview,"[2.0018876, 0.8168928, 4.91533, 0.25133398, 0.28172567, 0.047978893, 1.5090662, 0.44231188, 1.0646291, 0.14886245, 0.37982118, 0.9771828, 0.21297543, 0.069532946, 0.8270458, 0.53768235, 1.8215762, 0.87865645, 7.1652584, -0.21924114]"
1,DeepSeek-R1,"[-1.3509592, 0.22552308, 1.4437453, -0.07584588, 0.3617764, -0.19726424, -0.024627956, 0.1911851, 0.3716729, 0.042926, -0.043076538, -0.25739276, 0.13620178, -0.09717964, -0.32743248, -0.29891682, 1.2010484, 0.59594685, 1.942613, 0.2910237]"
2,DeepSeek-R1-0528,"[-1.0568856, 0.03501587, 1.999261, 0.2214738, 0.46713814, -0.15725246, 0.17657505, -0.51862967, 0.4858535, 0.41136888, -0.023741035, 0.22964875, 0.57085437, 0.39990094, 0.3796457, 1.4565324, 1.1972243, 0.20407104, 0.84333456, 0.095829085]"
3,DeepSeek-R1-Distill-Llama-70B,"[-0.0041133384, -0.27896926, 1.0849508, 0.026818825, 0.30822366, 0.1479004, 0.022718176, 0.104109205, 0.51152855, 0.3440706, 0.09622424, 0.20783341, 0.049433082, 0.34804317, -0.046573564, -0.096714586, 0.7043051, 0.017899377, -0.14827009, 0.15386283]"
4,DeepSeek-R1-Distill-Llama-8B,"[0.13450249, 0.10824259, -0.13352108, -0.03290992, -0.33136317, -0.22644977, -0.22318435, 0.025102984, -0.027245594, 0.37488222, 0.106359586, -0.36160088, -0.39604723, -0.15189572, -0.30138946, -0.52105856, 0.3118205, 0.30694014, -1.673654, 0.04517011]"
5,DeepSeek-R1-Distill-Qwen-1.5B,"[-0.03991613, -0.22457069, -0.99254656, 0.3075794, 0.5379732, -0.19400497, -0.3632832, 0.034845907, 0.6655027, -0.16080923, -0.115536205, -0.27623716, -0.6184478, -0.1884844, -0.93955576, -0.12287045, 1.110357, 0.2801635, -3.132174, -0.021296915]"
6,DeepSeek-R1-Distill-Qwen-14B,"[-0.17261449, 0.12374648, 0.744938, 0.33061466, -0.009771024, -0.29359207, 0.14344943, 0.084477566, 0.5845922, -0.17709321, 0.08238917, 0.1938119, -0.94423956, 0.33408847, -0.4390492, -0.48453137, 0.62929195, 0.30786428, -0.5530295, 0.079018205]"
7,DeepSeek-R1-Distill-Qwen-32B,"[-0.5474288, 0.31904, 0.8123778, 0.008445434, 0.073362865, 0.059150163, -0.4086617, 0.17649008, 0.5172564, 0.35541162, 0.27715614, -0.3006968, -1.0645026, 0.10406258, -0.80348814, -0.054822233, 0.9391356, -0.15211447, -0.09113639, 0.23279399]"
8,DeepSeek-V2.5,"[-1.1399908, -0.7588184, -1.897342, -0.18219976, -1.4442896, -0.54207563, 1.0128851, 1.328919, 0.82540894, 0.45939484, 0.18548343, -0.095324025, 0.18913361, 0.54704773, 1.3599639, 0.08131343, 1.3321283, -0.012324294, 0.76787376, 0.21094908]"
9,DeepSeek-V3,"[-0.24551134, 0.55339015, -0.37102726, -0.19255306, -0.15561746, 0.081438154, 0.24617085, 0.20934914, -0.036991343, -0.2866304, 0.48356935, -0.20612514, -0.3931674, 0.10536468, 0.4104466, 0.09190794, 0.851705, 1.3485574, 1.0897486, -0.27930257]"
10,DeepSeek-V3-0324,"[-0.4811462, -0.014445895, 0.45482093, 0.36492395, -0.1562733, -0.34948277, -0.156774, -0.16657722, 0.10101302, -0.19383115, -0.22471046, -0.26651603, 0.35218987, -0.18019982, 0.72495574, -0.22725861, 0.69854313, -0.14263098, 1.5095911, 0.29856396]"
11,DeepSeek-V3.1,"[0.026939753, 0.06790862, 0.7346243, 0.27622405, 0.3564107, 0.034474444, -0.29516676, -0.2170618, 0.24958038, 0.08325516, 0.2860643, -0.2025891, -0.03446533, -0.003690368, 0.20847215, 1.9304297, 1.0513165, 0.13401033, 1.357345, 0.17215428]"
12,DeepSeek-V3.2-Exp,"[0.28010646, -0.07741407, 2.6561177, 0.15775976, 0.21436597, -0.047460094, -0.26765642, 0.023429334, 0.053091954, 0.25383294, 0.2016386, 0.529521, -0.8100925, -0.05015129, 0.39609805, 2.0241423, 0.99523854, -0.03988061, 0.7313068, -0.10554362]"
13,DeepSeek-V3.2_thinking,"[0.43090907, 0.30652562, 1.9214225, -1.1129366, 0.12912431, 0.170638, 0.029890012, 0.451946, 0.25674936, -0.28280425, 0.23352145, -0.1833082, -0.07570865, 0.83955, -0.20315698, -0.27819696, 0.90469044, -0.62874913, 2.1406925, -0.22528489]"
14,DeepSeek-V4-Flash-Max,"[1.5545812, -0.35581788, 3.8554149, 0.08486014, 1.5153713, 0.048312746, 0.51297504, -0.26209658, 0.28426656, 0.28748313, 0.49067703, 0.11027946, 0.049580052, 0.41415286, -0.50189483, -1.9227985, 0.75021625, 0.10431793, 1.0892794, -0.3656158]"
15,DeepSeek-V4-Pro-Max,"[1.4940379, 0.15474145, 4.622855, -0.35056764, -0.028990231, 0.09253682, 0.6269999, -0.071891055, 0.66782093, 0.046312574, 0.4157421, 0.27350023, -0.2932968, 1.1727623, -0.59685266, 0.5362147, 0.9540444, -0.33435276, 1.4612283, 0.24197745]"
16,GLM-4.5-Air,"[-0.679002, 0.017249359, 1.9863285, 0.30309728, -0.16193558, -0.04257903, 0.5053501, 0.20576075, 0.354799, 0.061072268, 0.0029294328, -0.31711656, -0.41281518, 0.5303911, 0.99624157, 0.6319613, 0.88592374, 0.44255623, 0.5910499, 0.4270442]"
17,GLM-4.7,"[1.624452, 0.35790318, 3.0424557, 0.7812566, 0.26745978, -0.6363018, 0.44654462, -0.715071, 0.13028137, 0.18687558, 0.9205467, 0.33537996, 0.27819207, 0.3569786, -1.0946376, 0.6557076, 1.0796136, -0.53410155, 0.7399007, -0.17575248]"
18,GLM-5,"[0.609674, 0.1191778, 2.3635952, -0.29670647, -0.22665754, 1.2090126, 1.0050905, 0.003645067, 0.81149065, 0.39937583, 0.39701363, 0.53048927, -0.17393588, 0.79468846, 0.10346384, -1.1732601, 0.5941658, -2.4685571, 4.751983, 0.17503665]"
19,Gemini 1.0 Ultra,"[-0.32720482, -0.2582417, -0.7708947, -0.4479091, -1.0149133, -0.04293023, -0.122540265, 0.7273468, 1.3095387, -1.1600049, -0.2529542, 0.8978203, 0.001258417, -0.36915392, 1.055332, 0.11949585, 0.3426221, 1.5246284, 0.3027546, -0.6557048]"
20,Kimi-K2-Base,"[0.1271443, 1.8960814, -0.71644783, 0.5033933, 0.37427288, -0.40866858, 0.41745022, 0.12746719, 0.699691, 0.054591335, 0.4906662, 0.23461021, 0.3734239, 0.024732245, 0.18692888, 0.64644647, 0.7107559, 0.020051893, 1.2706153, -0.35641825]"
21,Kimi-K2-Instruct,"[-0.57779235, -0.082216084, 0.6009312, 0.034100935, 0.36068463, -0.2704177, 0.47987908, 0.23260114, 0.29889163, 0.14175369, 0.25359207, -0.24673375, -0.14985111, -0.06119762, 0.49552727, -0.109109275, 1.4118258, 0.3748647, 1.9550653, -0.34051585]"
22,Kimi-K2-Instruct-0905,"[-0.46925756, 0.068979576, 1.0244746, -0.03931854, -0.016328543, 0.12032652, 0.2059184, -0.06484048, 0.26433435, 0.09076776, -0.1150749, 0.16936366, -0.18937656, 0.25417197, 0.3278841, -0.29004726, 1.0917912, 0.2122142, 1.1522839, 0.17277484]"
23,Kimi-K2.5_thinking,"[1.9815611, -0.48678473, 2.2207336, -1.0882691, 0.42096072, -0.04550304, -0.034711096, 0.12978736, 0.19515248, 0.1828223, 0.27769047, 0.14360593, 0.08357646, -0.38912973, 0.4836096, -0.024042245, 0.7899193, 0.30349916, 3.2529738, -0.34395966]"
24,LLaMA-13B,"[0.5084865, -0.17788972, -0.56765914, 0.26500595, -0.5289503, -0.5491182, 0.3246384, 0.19469664, 0.8894686, -0.81412226, 0.64776087, -0.49771148, -2.743711, -0.41311002, 0.72882, -3.0707345, -3.025389, 0.3799102, -0.6794877, -0.3736285]"
25,LLaMA-33B,"[1.1974622, 0.32492325, -0.40156627, -0.52169806, 1.1712085, 1.3863719, 0.9100461, 0.40037724, -0.122751065, -0.023995921, 1.163048, 0.5042682, -1.3414099, -2.4383993, 0.57489747, 0.13748077, -2.2191076, 0.77278644, -0.82462025, 0.69187385]"
26,LLaMA-65B,"[-0.24504343, -0.1647677, -6.5420966, 0.40147436, -0.056299176, 0.539193, 0.034624264, 0.2708334, -0.62776434, 0.29161635, -0.4877139, -0.5468806, -1.4374381, -0.11358303, 1.856172, 0.4607609, -0.17579997, -0.39424354, 0.32201117, -0.6642244]"
27,LLaMA-7B,"[0.93289423, -0.7679412, -0.19515604, -0.17708144, 1.4275705, -0.5871457, -0.6518348, 0.7885721, -1.0385603, -1.2819812, -0.31278026, -0.47718322, -2.5990138, -0.47989264, 0.9693792, -1.0374963, -3.8437636, -0.12418376, -1.4266123, -0.22680096]"
28,Llama-2-13b,"[0.86259836, -0.56492245, 0.051387876, -0.34587327, -1.5154357, -0.0010055117, 1.2900447, 2.012505, -0.21346244, 1.2522473, -1.5899389, 0.28300446, -1.2563655, -0.22045152, 1.5377045, 0.0063754134, -2.5326478, 0.5587747, -1.4187368, -0.16016173]"
29,Llama-2-34b,"[-0.6649901, 0.64338464, -1.0090092, -0.69424987, 1.5569438, 3.246486, 0.49420932, -0.6104006, 0.619189, -0.10613831, -1.0418208, 0.14416432, -2.0445404, 0.76550066, 1.6701295, 0.12442345, -1.4757656, -1.0414565, -0.3419462, -0.37037697]"
30,Llama-2-70b-hf ,"[-1.1628618, 0.78728014, 0.5001682, -0.15419899, 0.18479557, -1.0647311, -0.60785204, -0.05715476, -1.304147, -1.1254246, 0.7789566, -1.283884, -0.8099331, 1.0521542, 0.40688765, -0.08668258, -1.361979, 0.20808007, 0.09644144, 1.6268938]"
31,Llama-2-7b,"[0.56554985, -0.039037324, -0.8311906, -0.016521314, -1.2529763, -1.8040333, 0.28734624, -1.6965216, -0.6003392, -1.3990409, -0.42800775, -0.1602203, -2.1334066, 0.07581639, 0.34882006, -1.4283469, -3.076993, -0.8026864, -1.3935382, 0.5104262]"
32,Llama-3.1-405B,"[0.9767611, 0.19875237, -0.9310899, 0.5191469, 2.7221086, 1.0220771, 0.85607475, -0.27194482, -1.3867068, -0.17096248, 0.25979415, 0.13934384, 0.25182858, -0.3907774, -0.005828519, -0.1344665, -0.18860054, 1.8244557, 1.8294408, 0.7420189]"
33,Llama-3.1-405B-Instruct,"[0.05232639, -0.0953949, -1.2385945, -1.0430024, 0.2534405, 0.488674, -0.035700228, 0.164157, 0.7014464, -0.8977784, 0.35499212, -0.31296206, -0.010464977, 0.62586534, 0.46834442, 0.48075932, 1.2866045, 1.0844419, 0.5767346, 0.62262756]"
34,Llama-3.1-70B,"[0.0017761145, -0.73323524, -0.49457705, 0.30021158, -0.71312237, 1.2311819, -0.49364677, 0.9353149, -1.3444917, 0.81970876, 0.95128006, -0.42743105, 0.0553922, -0.65509, 0.8893859, -0.26859564, -0.5638055, 2.2020814, 0.40424147, -1.4486893]"
35,Llama-3.1-70B-Instruct,"[-1.6122123, -0.9881137, -1.8328111, 0.43319184, 0.21252948, 0.54952645, 0.2758699, -0.2015197, 1.6476676, 0.2417938, -0.62519413, -0.16883421, 0.35330418, 0.096343204, 0.6760408, -0.8717804, 1.0536003, 1.4171983, 0.002022987, 0.31432322]"
36,Llama-3.1-8B,"[0.44979697, -0.5304363, -0.57113683, 0.25420994, 0.7398093, 0.65064377, -0.0053299433, -0.15115677, 0.4423783, 3.189661, -0.3709853, 0.053906154, 0.33407485, 0.6156838, -0.29431948, -0.37657368, -1.3542701, 1.084085, -1.3292348, 0.82108533]"
37,Llama-3.1-8B-Instruct,"[0.26784918, -0.64156103, -2.8735688, -0.20510013, -0.015806558, 0.45680976, 0.3116335, -0.42288545, 0.28991982, 0.7111768, -0.021285132, -0.20669435, -0.02043966, 0.57328916, 0.45730135, 0.19290018, 0.039101243, 0.4257989, -1.03809, 0.4274448]"
38,Llama-3.2-11B-Vision-Instruct,"[0.47961316, 0.35494477, -2.9890978, 0.4723989, -1.1454811, 0.47974733, -0.1606182, -0.76321274, 0.5575312, 0.6723661, 0.115717076, 0.7414883, -0.63387024, -0.09920052, 0.66246825, -0.26286104, -0.016347818, 0.89794105, 0.30484772, -0.61777514]"
39,Llama-3.2-90B-Vision-Instruct,"[-0.2985363, -0.2591034, -1.4179683, 0.3329203, -0.3849318, -0.2267628, 0.6417198, -0.21460427, 0.11608176, -0.24496639, -0.2548465, 0.28393704, 1.1675179, -0.36404264, -0.46302158, 0.40280774, 0.7199779, -0.066156074, 0.5571762, 0.4541984]"
40,Llama-3.3-70B-Instruct,"[0.13726473, 0.5986184, -1.4107814, 0.043303862, 0.23454611, 0.48532417, 0.99032754, 0.10083242, 0.75191206, 0.0053174603, -0.04457985, 0.37551472, -0.7763054, 0.85879725, 0.19252273, -0.6062489, 1.4852046, 1.2646577, 0.21706907, -0.013960199]"
41,Llama-4-Maverick-17B-128E,"[0.48337543, -0.12500238, 0.19198105, 0.9488796, 0.24508868, -0.2781108, 1.1232282, 0.6862812, 0.35619584, 0.021028532, -0.40574926, 0.2341657, -0.081047796, 0.31418583, -0.56208277, -0.08368018, 0.0314243, -0.18347923, 2.666076, -0.23436794]"
42,Llama-4-Maverick-17B-128E-Instruct,"[-0.47033283, 0.21095377, -0.70847845, 0.44738573, -0.042461444, -0.30915475, 0.20187911, 0.37779233, 0.45716098, 0.21085662, 0.11822761, -0.43161413, -0.7277921, 0.34664848, -0.3483639, -0.34141898, 1.3792136, 0.24236459, 1.093598, -0.22970219]"
43,Llama-4-Scout-17B-16E,"[-0.27469265, 0.43210334, -1.6348807, 1.0520955, 0.9871004, -0.05469192, -0.25926703, 0.48498976, 0.020938408, -0.5079775, 0.5557283, -0.12712817, 0.41248268, -0.20720278, 0.8997096, -0.3072621, -0.14394623, -1.0031027, 0.6735551, -0.06614161]"
44,Llama-4-Scout-17B-16E-Instruct,"[-0.847324, -0.015847674, -0.99102324, 0.3489429, 0.1673988, -0.61375093, 0.3949045, -0.17026421, 0.45824772, 0.16787806, -0.05015349, -0.34112248, -0.24569838, -0.103462346, -0.6097693, 0.076479256, 0.965498, 0.3698221, 0.5682143, 0.06822263]"
45,LongCat-Flash-Chat,"[0.16207269, -0.29926223, 1.2790829, 0.61105156, -0.50857127, -0.19553357, -0.06986954, 1.1721402, 0.38547572, -0.14679374, 0.25464877, 0.59198016, 0.6274781, 0.16638435, 0.2199595, 0.7566064, 0.792827, 0.028565185, 0.9279614, -0.42138323]"
46,LongCat-Flash-Lite,"[-0.5580288, 0.30271772, 1.0784925, -0.07290852, -0.17362195, 0.5633187, 0.41427058, 1.0291469, 0.15805745, 0.14213346, -0.092808165, -0.40039417, -0.39261806, 0.15903, -0.0613121, -0.1279643, 0.5116642, 0.030514048, 0.4295798, -0.053838354]"
47,LongCat-Flash-Thinking,"[-0.5244482, -0.5145199, 2.6735334, -0.29487506, 0.12847117, 0.064636484, 0.56187123, 0.69193053, 0.569975, 0.51333684, 0.50780874, 0.017163109, -0.52108765, 0.014223663, 0.35815814, -0.07325582, 0.8112048, 0.17196713, 0.8385329, -0.28300217]"
48,Meta-Llama-3-70B,"[-0.02443598, -0.7433493, 5.227868, 0.34707886, -0.18717775, 0.3648156, -0.39141807, -0.1888913, 1.8343732, -0.3642863, -0.3397956, 0.6658231, 0.056399234, -0.22141844, -0.9727826, -0.45551836, -0.71231467, 0.07514828, 0.19257523, 0.22326049]"
49,Meta-Llama-3-70B-Instruct,"[0.071017176, -0.2828671, -1.466564, 0.10615404, 0.31424388, 1.0186793, 0.07349033, 0.48346254, -0.12386962, 0.058705818, 0.2687462, -0.3225336, -2.4662077, 0.6196956, 0.7202559, -0.27004066, 0.5659718, 2.2409987, -1.0130969, -0.09214449]"
50,Meta-Llama-3-8B,"[-0.78260785, -1.4213628, 1.1113877, 1.0121346, -0.26144585, -0.6664966, 0.72992235, -0.0047666593, 0.57008064, -0.58284765, -0.8289254, 0.26365095, -0.17791793, 0.9893219, -0.19128256, -0.7101993, -1.5224836, 0.15597036, -1.2052914, 0.6834245]"
51,Meta-Llama-3-8B-Instruct,"[0.08348176, -0.3095642, -3.3274887, 0.6950906, -0.71693593, -0.642927, 0.42758936, 1.4582343, 0.20288092, -0.061023593, -0.23709936, -0.2891084, 1.20117, 0.31865588, 0.5553387, -1.827303, -0.092766896, 1.5098153, -1.5704876, -0.79774]"
52,MiniMax-M1-40K,"[-0.88687897, 0.47632092, 1.4240191, -0.25445536, -0.3196456, 0.8600211, 0.41469887, -0.029040635, 0.6669305, 0.25477666, -0.16683565, -0.15012844, -0.6590099, -0.12659548, -0.08085267, 0.56986755, 0.8595962, 0.31758153, 0.36029273, -0.17681594]"
53,MiniMax-M1-80k,"[-1.0558661, 0.44679207, 1.7523394, -0.08927474, 0.45671883, -0.3855315, 0.15635514, -0.007832422, 0.49980426, 0.27931008, 0.16749363, -0.07573974, 0.027461588, -0.10711103, 0.09639816, 0.35073918, 0.86357766, 0.29776382, 0.45808414, 0.07848041]"
54,MiniMax-M2.1,"[1.1311182, 1.5442533, 1.6623144, -0.41514122, -0.06086854, -0.4019496, 0.32449067, 0.75144494, 0.30666363, 0.10005548, -0.09592681, 0.8372517, -0.4081595, 0.12582596, 0.18582612, 1.5285158, 1.2857873, 0.44758636, 2.0905237, 0.23825648]"
55,Ministral-8B-Instruct-2410,"[-1.8355621, 0.17523496, -2.8814101, 0.6979298, 0.5237028, -0.29879737, 1.3505664, -0.51666087, 0.93293256, 0.66731244, -0.97733134, -0.19699463, -0.322127, -0.69844025, -0.8222211, -1.0114338, -0.79547536, -0.36233437, 0.5169824, 0.015156944]"
56,Mistral-7B-Instruct-v0.1,"[0.31016365, -0.53966093, 2.543699, -0.17059381, -0.31224996, 0.9084056, 0.53174037, 0.5858546, 0.08021744, -0.68165874, 1.0801568, -0.2500274, 0.82240343, 0.26601917, -0.23790714, -0.5597612, -1.6654267, 1.0809329, -1.7481164, -0.26547483]"
57,Mistral-7B-v0.1,"[-0.766252, -0.12373722, 2.2214704, 0.6395498, -0.11766394, 0.52744204, -0.027873665, -0.41372916, 2.1733296, -0.44946724, 0.5257396, -0.11977243, -0.5388697, 0.85757124, 1.2730715, -0.9893205, -1.7744627, 0.881498, -1.413923, -0.298141]"
58,Mistral-7B-v0.2,"[-0.10578302, -0.12229066, 1.2640014, 0.562353, -1.1051446, 0.65317386, 0.6270822, -0.11702685, 0.83603257, -0.5244304, -0.24508564, 0.27715686, -0.1495657, -0.46025187, -0.18145023, -1.7827657, -1.6698717, -0.75540197, -1.3257055, -0.60163194]"
59,Mixtral-8x22B-Instruct-v0.1,"[0.18655491, 0.42820755, -3.1466389, 0.24423636, -0.15420145, 0.14321673, -0.2013167, 0.39552236, -0.020606, 0.51115286, 0.23590957, -0.18697952, 0.8285969, 0.7695375, 0.090621345, 0.8123599, 0.52792215, 0.9190407, -0.8753408, 0.57240003]"
60,Mixtral-8x22B-v0.1,"[0.021248404, -1.3091047, 1.2110515, -1.1201748, 0.48187092, 0.902443, 0.56690425, 0.98994815, 0.21479763, -0.2927996, 0.14716803, -0.44170144, -0.05931918, -0.53389966, 0.45915303, 0.014506613, -0.8517486, 2.3902783, -0.07078745, -0.103857316]"
61,Mixtral-8x7B-Instruct-v0.1,"[0.3189963, -1.6059167, -3.1482544, 0.038020354, 0.66841453, -0.38233387, -0.0101373345, -0.3142584, -0.06483967, -0.3773973, 0.5324429, -1.0181912, 0.24712448, -0.7156113, 0.6896567, -0.099370174, -0.81062376, -0.35181916, 0.9138912, -0.45801994]"
62,Mixtral-8x7B-v0.1,"[-0.48221752, 0.020349544, -1.0813898, 1.1501213, 0.257816, 0.17650722, -2.0670784, 0.06513803, -0.35614854, 0.3936369, -0.32879007, -0.055374276, -0.4904493, -0.9762272, 0.67549074, 0.52688354, -0.83870953, 1.1017978, -1.2876782, -0.089283675]"
63,Phi-3-medium-128k-instruct,"[-0.40028757, -0.14062887, -1.4863306, 0.9932576, -0.6823028, -0.9384698, -1.6458389, 0.7660668, -0.0428114, -0.16881008, 0.02471371, -0.11997536, 0.9255463, 0.03340242, 1.2394601, -0.10576411, -0.16942282, 0.5660936, -1.0500051, -0.15665536]"
64,Phi-3-mini-4k-instruct,"[-0.75657, -0.005806115, -3.3167582, 0.98009986, 0.06304749, -0.3044885, 0.23269989, -1.0021653, -0.25310594, 0.6479729, -0.58131284, -0.76286936, 2.2348375, -0.10821701, -0.11976008, 0.58887655, -0.1639543, 0.82654387, -1.3650192, -0.1798788]"
65,Phi-3-small-8k-instruct,"[-0.37866068, -0.063201636, -2.682486, 0.78182256, -0.08224245, -0.11746481, 0.30962494, -1.1938766, 0.39845726, -1.006679, -0.86868715, 0.029923951, 0.59274775, -0.5798377, -1.8405604, -0.033825707, 4.411505, 0.89949, 0.063861094, 0.71703416]"
66,Phi-3.5-MoE-instruct,"[1.2828742, 0.05011066, -0.99602807, 0.8182098, -2.1669772, -0.9840316, 1.2460257, -0.3513574, 0.94954956, 0.32977068, 0.22091955, -0.15781659, 0.63627505, -0.21220012, 1.3801172, -0.31498656, 0.19919424, 1.7499076, -0.96819574, 0.37438616]"
67,Phi-3.5-mini-instruct,"[-0.23330067, -0.13744974, -1.8962045, -0.35221955, -0.8590159, -0.26887324, -1.0427358, -0.22896917, 1.1044225, 0.38302022, -0.012540956, 0.07241718, 0.90641004, 0.51928955, 1.1788757, 1.4081947, 0.0467147, 0.31853762, -1.5891198, -0.21874857]"
68,Phi-4-mini-instruct,"[-0.30581626, -0.3221268, -2.7650394, 0.30993748, 0.31241754, -0.09805278, 0.2959608, 0.35831302, 0.21354878, 0.5068823, -0.7930695, -0.28762037, -0.69107544, 0.37833402, -0.26176277, 0.06915476, 0.99239844, 0.3638953, -1.5222287, 0.22138546]"
69,QwQ-32B,"[-0.3608504, 0.12449143, 1.1962739, 0.41821796, 0.3709799, 0.20825851, -0.09216319, 0.2651101, 0.52333933, 0.23300353, 0.04337021, 0.14252128, -0.70145, 0.09303803, 0.07348218, 0.04319559, 0.2733376, 0.04760213, 1.550331, -0.18614295]"
70,Qwen1.5-1.8B,"[-0.7240327, -0.06428925, -2.2436953, -0.058668002, 0.57879514, 0.29244044, 0.19085322, -1.938094, -0.23443344, -0.21888524, -1.3301152, 0.9732466, -1.9614449, 1.2251099, 0.44432405, 0.2819644, -2.5082283, -2.170758, -1.8564897, -0.1930631]"
71,Qwen1.5-110B,"[-0.15728718, 1.5404216, 0.3641968, -0.74448496, 0.50959754, 0.80450773, -0.39803454, -0.08226179, 1.1217134, -0.48305318, -0.5590703, 1.067282, 0.26184016, 0.79333013, 0.043060124, 0.16949369, -0.7116487, -0.44137657, 0.8106622, 0.18449903]"
72,Qwen1.5-72B,"[-0.36424896, 1.0946503, -0.25441843, 0.26522452, 2.32566, -0.0957525, 0.46078017, 0.46758583, 0.9143958, -0.063473634, 0.14560987, 1.220412, -0.9001247, -0.41923198, 2.5387745, 0.12163553, -0.9282485, -0.578019, 0.38920963, 0.09301235]"
73,Qwen1.5-7B,"[-0.49915734, 0.22451977, -0.7643259, -1.6980382, 0.15769656, -1.4087119, 0.6814317, -0.3234408, 0.5094937, -0.4973688, -0.081032455, 0.4944722, -1.2311994, -0.455981, 1.1859591, 0.39558852, -1.4137424, -0.5274169, -1.2514057, -0.0695135]"
74,Qwen2-0.5B,"[-0.19804642, -0.24968041, 1.072536, -0.34442276, 0.257851, 0.87413913, 0.8854684, 0.2969623, 0.5993775, -0.18187866, -0.5334641, 0.7596221, -1.2460655, 1.033246, -0.8403662, -0.15305698, -2.2766497, -1.7096382, -3.1006758, 1.4355681]"
75,Qwen2-0.5B-Instruct,"[0.7527662, 0.6666651, -3.7120414, 0.2635488, 0.5294868, 0.23643632, -0.040401306, 0.43917483, -0.23818171, 0.92390996, -0.5541294, 0.11412153, -0.69008005, 0.529905, 0.68206275, -0.05633689, -1.4203116, 0.34013912, -3.9880602, -0.030374113]"
76,Qwen2-1.5B,"[-1.1480905, 0.8688794, -1.5066048, 0.35225344, -0.16452074, -0.7114485, -0.90016335, 1.0087256, 0.37837955, 0.10340485, -0.44966492, 0.25323334, -1.9798816, 0.41190606, -0.39994097, -0.22916447, -1.4546349, -1.7057495, -1.2778741, -0.18892618]"
77,Qwen2-1.5B-Instruct,"[-1.0827669, -0.43913442, -3.4879818, 0.08332271, -0.15554333, 0.47110707, -0.9003221, 0.086929165, 0.7604014, -0.10767065, -0.24423322, -0.36068636, -1.6888797, -0.1357406, -0.033068877, -0.06895523, -0.8287407, 0.07550027, -2.8708985, -0.18282484]"
78,Qwen2-57B-A14B,"[0.049586035, 0.45825505, -0.5240542, -3.74091, -0.024119645, -0.051082015, -0.5011194, 0.3220503, 0.19405343, -0.40590155, 0.44442773, 0.024013143, -1.0053837, 0.42570445, 1.1046726, -0.034831613, -0.6905728, -0.33777112, 1.0995989, -0.06260418]"
79,Qwen2-57BA14B-Instruct,"[-1.4593842, 0.76789963, -0.9263952, 0.13614193, 0.7489489, 0.23519367, 0.5868957, -0.62238204, 0.0323158, 0.404237, -0.13268538, 0.6061928, -0.31465113, -0.37748456, 0.36404216, 0.104511395, 0.5087758, -0.55185103, -1.7390596, -0.14845574]"
80,Qwen2-72B,"[0.46622166, 1.5955071, 0.554187, 1.0074165, 1.1731136, 1.0688169, -0.19434968, -0.21062237, 0.6746429, -0.46829492, -0.61719245, 0.76233786, 0.30577636, -0.24643944, -0.8616342, 0.025945444, -0.34706485, -0.43843254, 1.0942651, 0.2905062]"
81,Qwen2-7B,"[0.08999288, 0.7094369, -0.8704486, 0.85424703, -0.87510777, 0.7864602, 0.3580137, 0.0907648, 0.5034697, -0.4620373, -0.12172862, 0.41655996, -1.3195112, 0.27784166, -0.68963236, -1.1421765, -0.6896261, 0.22688326, 0.28987706, -0.17791443]"
82,Qwen2.5-0.5B,"[-0.72473663, 0.20339677, -0.6242531, 0.15594994, 0.9527853, 0.018118208, 0.5861003, -0.71107215, 0.57245123, 0.12965928, 0.18457344, -0.35481206, 0.5087746, 0.307083, -0.6258391, -0.4952081, -1.929563, -2.0990224, -3.0362701, 0.23246714]"
83,Qwen2.5-0.5B-Instruct,"[0.21907741, 0.59382236, -2.6102564, 0.81779367, 0.5620074, -0.03692202, -0.40230092, 0.004608613, 0.35653776, 1.2613385, -0.66895336, -0.398955, -0.7418176, -1.1512045, -0.26369813, -0.22329313, -0.9496048, -0.20156531, -3.359738, -0.0076194527]"
84,Qwen2.5-1.5B,"[0.18693037, 0.027304215, 0.18187372, 0.45224243, 0.67731905, -0.38327947, 0.20799202, -0.12061954, 0.49734563, -0.4646437, -0.03230264, -0.76088154, -0.2323599, 0.45473877, -0.9060646, -0.14506699, -1.1711687, -0.5463214, -1.8239797, 0.63006264]"
85,Qwen2.5-1.5B-Instruct,"[-0.20385806, -0.26117858, -2.8932269, 0.34772834, 0.06093369, 0.15882243, 0.12827623, -0.44752023, 0.3008652, 0.4188826, -0.08567044, -0.045531604, 0.011085614, -0.16152163, 0.4978601, 0.94614744, 0.059388094, 0.036799546, -1.9821823, -0.284232]"
86,Qwen2.5-14B,"[-0.8361135, 0.12967141, 0.4176308, -1.063165, 0.06693899, 0.20681079, 0.28544506, -0.7169568, 0.23262855, -0.27113, -0.20953038, -0.5343515, 0.25113708, 0.39307463, -0.88338965, 0.29078704, -0.2887669, -0.6468198, 0.5787986, 0.25016582]"
87,Qwen2.5-32B,"[-0.13655223, 0.59034, 0.49461073, -0.01560389, 0.19047274, 0.43510002, 0.9793535, -0.027126111, -0.94159406, -0.37727565, 0.7653112, 0.24988937, 0.17487514, -0.30558914, -1.0643806, -0.3369066, 0.0045489273, -0.32690936, 1.2901628, 0.6913015]"
88,Qwen2.5-3B,"[-0.24208558, -0.45857397, -0.037296508, 1.4181397, -0.78794044, -0.91282046, -0.3920266, 1.1880678, 0.34487176, -0.07662108, -0.17021978, -0.3698692, -0.64834225, 0.78932816, -1.2243077, -0.64411163, -1.1186562, -0.36442453, -1.0840797, 0.97570956]"
89,Qwen2.5-3B-Instruct,"[-0.50522363, 0.088226505, -2.62149, 0.65216786, 0.1521667, 0.045121066, 0.047923204, 0.1054745, 0.3403069, 0.24783155, -0.043673214, -0.1985678, -0.38071492, 0.0076657096, 0.16600867, 0.26313293, 0.5428385, 0.13226761, -1.2324224, 0.2744044]"
90,Qwen2.5-72B,"[-0.1274887, -0.01417201, 0.7203832, -0.08784997, 0.14169064, 0.2518338, -0.49330047, 0.35829327, 0.5418844, -0.23373556, -0.12352662, -0.24637425, -0.31858936, -0.27605978, -1.0150874, -0.07755173, -0.22171676, 3.7455559, 1.4499437, 0.4290238]"
91,Qwen2.5-7B,"[-0.119487755, 1.1985534, -0.7466904, -1.0973165, -0.16525207, 0.064038545, 0.45369303, -0.24866766, 0.63661796, 0.44035566, -0.088985816, -0.2290478, 0.71547747, 0.14512192, 0.21243602, 0.71594137, -0.3711308, -0.8157487, -0.60649484, -0.057490762]"
92,Qwen2.5-Coder-32B-Instruct,"[-0.43434945, 0.23220743, -1.8435318, -0.10949812, -0.7334842, 0.6068067, -0.2904399, 1.2097118, -0.15099326, 0.49660835, 0.30517647, 0.038822167, 0.13941711, 0.614979, 0.76659757, 0.61852777, 1.288768, -0.6219543, -1.2961, 0.13037324]"
93,Qwen2.5-Coder-7B-Instruct,"[0.08249682, -1.0777894, -2.7823398, 0.1718237, -0.7114779, -0.91417485, -0.12326879, -0.6355954, 0.6240906, -0.01732125, 0.007305195, -0.4979627, -0.095353484, 1.3108218, -0.20122615, -0.8585653, 0.7823081, -0.9186606, -1.8550786, 0.4473223]"
94,Qwen2.5-Omni-7B,"[2.0662863, -0.0654461, -3.5935624, -0.25098643, -0.3523225, 0.0177141, 0.6264924, 0.21861164, 0.37849826, 0.5134327, 0.30345973, 0.54661924, -0.29937375, -0.71521074, 0.66177315, 0.4539989, 0.73838425, 0.7608935, 1.2146161, -0.043129113]"
95,Qwen2.5-Plus,"[0.6817816, -0.046524193, 0.07367878, -0.5102093, 1.2604345, 0.11300532, 1.0364097, 0.23165125, 0.27745467, 0.69116956, 0.08881972, 0.206239, 0.15905532, -0.12043224, -1.0271512, -0.14668107, 0.04595615, -0.31393874, 1.5071447, -0.46123412]"
96,Qwen2.5-Plus-Instruct,"[-0.56529355, 0.4314239, -1.2538015, -0.39101022, 0.4212972, 0.25358477, 0.3732867, 0.19584614, 0.36357072, 1.1137261, 0.21244244, -0.16619733, 0.46209925, 0.93833584, 0.21654975, 0.44304132, 1.265817, -0.32467428, 0.97662705, 1.177669]"
97,Qwen2.5-Turbo,"[-0.4596665, -0.46456602, 0.026921367, 1.7190787, 0.72816515, -0.867444, 0.26500443, -0.050975908, 0.3114271, -0.23775275, -0.98866147, 0.38645288, -0.008041927, -0.5971604, -1.0852368, -0.38209677, -0.2289622, -0.65115446, 0.676895, -0.058819022]"
98,Qwen2.5-Turbo-Instruct,"[0.18140876, 0.37353164, -1.4156185, 1.3245558, 0.13847435, -0.777056, 0.52954686, -0.23045528, -0.5400954, -0.7969207, -0.40996307, -0.4097354, -0.54472476, -0.5551132, -0.13805081, 0.22476895, 1.1503519, -1.1623368, 0.18578592, -0.94261813]"
99,Qwen2.5-VL-32B-Instruct,"[1.1539152, 0.69592786, -1.7137654, -0.4124043, 0.79944545, 0.02365915, 0.19391944, -1.4960232, 0.4039798, 1.4861459, -0.37228224, 0.13267387, -0.20907973, 0.20210345, -1.0817685, -0.08317834, 1.4955707, -0.7748837, 1.3089672, 0.8702305]"
100,Qwen2.5-VL-72B-Instruct,"[-0.6238156, 0.59694725, -1.0405586, 0.29231313, 0.61601317, 0.22724178, 0.56700194, 0.9720747, 0.22456828, 0.8584134, -0.13136128, 0.22804892, 0.097764686, -0.3047384, 0.0060062064, -0.504787, 1.6119053, 0.25473607, 0.50247115, -0.4597309]"
101,Qwen3-0.6B,"[-0.022247894, -0.25348422, -2.713433, 0.21944933, 0.14043042, 0.3184918, 0.3912267, 0.4390948, 0.50250846, 0.032335706, 0.2921136, -0.17712815, -0.100372255, 0.18740873, 0.32100064, -0.4686639, -1.1197673, 0.42631638, -2.007949, -0.02226983]"
102,Qwen3-0.6B-Thinking,"[0.08316161, -0.18001325, -1.4572948, 0.4380793, -0.1845648, 0.3750559, -0.18324955, 0.08794075, 0.030521322, 0.39731362, -0.056806985, -0.22550112, -0.2918111, 0.2728677, -0.26368868, 0.1683223, -0.301176, 0.77222645, -1.4301869, 0.06856964]"
103,Qwen3-1.7B,"[-0.12940699, -0.26058704, -1.6241637, 0.4499581, 0.24024045, 0.16661306, 0.31297898, 0.21279564, 0.19748738, 0.17409706, -0.44890746, 0.14201571, -0.19006236, 0.2129735, 0.010085265, -0.3270041, -0.668393, -0.07662854, -0.94902396, 0.042581506]"
104,Qwen3-1.7B-Thinking,"[-0.25988057, 0.029585423, 0.026847998, 0.15836021, 0.36246422, 0.12992406, -0.05668615, -0.6387407, 0.025024716, 0.62297845, -0.4181224, -0.5486189, 0.019905651, 0.4386313, -0.39147145, 0.12596403, 0.43384537, -0.33810598, -0.77632546, -0.043683942]"
105,Qwen3-14B,"[-0.10099448, 0.21839945, -0.5240561, -0.38021007, -0.24723631, 0.37506554, 0.1657869, -0.26359406, 0.43235022, 0.1464281, -0.16102459, 0.46215078, -0.21377817, 0.6550556, -0.31375688, 0.27911124, 0.1300896, 0.19054231, 1.1247163, 0.10900834]"
106,Qwen3-14B-Thinking,"[-0.17325294, -0.009717357, 1.4917296, 0.5052447, 0.18701746, 0.21086808, -0.036425553, 0.23011447, 0.6692077, -0.015594677, 0.2769143, 0.08357599, 0.017755032, -0.35963726, -0.018700168, -0.065331146, 0.405143, 0.42970282, 1.4552623, -0.32416773]"
107,Qwen3-235B-A22B,"[-0.5343358, -0.12153786, 0.14504641, 0.47884968, 0.1751663, -0.16265593, -0.15968189, -0.086406834, 0.6389997, 0.42042243, -0.22156024, -0.12635884, 0.20624346, -0.17566131, -0.014055097, 0.21849819, 0.43211827, 0.13688585, 2.3399847, 0.05276351]"
108,Qwen3-235B-A22B-Instruct-2507,"[-0.9515398, -0.15196021, 1.9375521, -0.05959608, 0.06987646, -0.16035008, -0.013164855, -0.16428553, 0.68989134, 0.16600625, -0.29183275, 0.59199786, 0.19159807, 0.21528636, 0.302531, 0.47886783, 0.89069253, 0.035219528, 1.7312089, 0.02670109]"
109,Qwen3-235B-A22B-Thinking,"[-0.15175702, -0.19365436, 1.841927, 0.015594872, 0.19243042, -0.121200815, 0.12843746, 0.067560606, 0.5273295, -0.1857976, 0.3168187, -0.23365001, -0.4593878, 0.18317315, 0.08363467, -0.27053818, 0.7757437, 0.2611733, 2.0421166, -0.1471179]"
110,Qwen3-235B-A22B-Thinking-2507,"[-0.32300517, 0.026215825, 1.6771711, -0.004722731, -0.10638667, -0.13852108, 0.09652821, -0.048512377, 0.4879783, -0.0433051, 0.13371067, 0.071039826, 0.019396132, 0.26391667, 0.21023643, -0.12513871, 1.1287901, 0.28170612, 2.0555036, 0.15626311]"
111,Qwen3-30B-A3B,"[-0.9104773, -0.20138717, -0.17154062, 0.102458745, 0.14007455, -0.34229523, 0.100603685, 0.3309707, 0.10427019, 0.3851539, -0.5367559, -0.041559458, -0.12694028, 0.4642129, -0.49301848, -0.30357137, 0.21454142, 0.09222614, 1.4059174, -0.14700563]"
112,Qwen3-30B-A3B-Thinking,"[0.0249812, 0.12164126, 1.55449, 0.10830829, 0.39809147, -0.20280427, 0.23418051, 0.25875553, 0.32847095, 0.058906734, 0.08229712, 0.12995453, -0.43369344, 0.2061312, 0.27686575, -0.20303039, 0.20504808, 0.3437151, 1.2164526, -0.10006158]"
113,Qwen3-32B,"[-0.7612168, -0.39352795, -0.06479283, 0.19062674, 0.5495523, -0.70135075, -0.09231497, 0.08034994, -0.044747118, 0.30173093, 0.23376398, -0.8315004, 0.049557246, -0.43721807, 0.3641573, 0.28752497, 0.3443877, 0.22520046, 1.8722365, 0.11175365]"
114,Qwen3-32B-Thinking,"[-0.1575616, -0.089225024, 1.789019, 0.49782526, 0.31098998, -0.3926844, 0.11403134, 0.16654707, 0.08063967, -0.07399051, 0.5441936, -0.14141819, -0.5537871, -0.068873, -0.062028572, 0.0924573, 0.37874088, 0.8029422, 1.2607305, 0.02674581]"
115,Qwen3-4B,"[0.56814766, -0.33138096, -0.90909916, -0.0012044918, 0.25487587, 0.47552222, -0.36071274, -0.28634292, 0.58184946, -0.076462224, 0.5064253, -0.06223256, -0.2772081, 0.5632521, -0.23519428, 0.25746784, -0.22252372, 0.53137374, -0.05329734, 0.13168505]"
116,Qwen3-4B-Thinking,"[-0.13213177, -0.038962796, 1.2038136, 0.2854732, 0.16233964, -0.16820598, 0.1663891, -0.12753113, 0.38584134, 0.38824198, 0.12766188, -0.20825592, -0.5758586, 0.42735496, -0.18692578, -0.2043864, 0.045535706, 0.11616519, 0.3688613, -0.0660929]"
117,Qwen3-8B,"[-0.3651062, -0.029938767, -0.86141926, 0.54939675, 0.44861344, -0.4107676, -0.039402947, 0.16357566, 0.17528066, 0.26237902, -0.50961095, 0.30283302, 0.22678354, 0.31684384, 0.2421814, -0.13844214, 0.506264, 0.5039696, 0.16636008, -0.27765238]"
118,Qwen3-8B-Thinking,"[-0.1276628, 0.06867711, 1.3609936, 0.25351018, 0.33936715, 0.18748216, -0.008862629, 0.13824013, 0.40667203, 0.05260849, -0.01212901, 0.14563479, 0.009813515, 0.17487699, -0.014120372, -0.23198941, 0.4231367, 0.85144275, 1.1019982, -0.21657307]"
119,Qwen3-Next-80B-A3B-Instruct,"[0.37654972, 0.39615756, 1.2210361, -0.062640175, -0.04686362, -0.17334402, 0.116523065, -0.18932635, 0.40343344, -0.07959996, -0.025729101, -0.015830308, 0.10382377, 0.32820466, 0.12785047, 0.28878155, 0.48612517, 0.13769019, 1.1822783, -0.26659593]"
120,Qwen3-Next-80B-A3B-Thinking,"[-0.035543498, 0.043493282, 2.0105193, 0.295734, 0.10603312, -0.058663037, -0.056546856, 0.008046259, 0.42345017, -0.4058956, 0.12474989, 0.10933482, 0.29497543, 0.3789884, 0.4302972, 0.0295368, 0.7904342, 0.24123743, 1.1867583, -0.08623268]"
121,Qwen3-VL-235B-A22B-Instruct,"[-0.40803906, -0.10192256, 1.3069407, 0.1129769, 0.030950706, 0.14675693, 0.42731073, 0.30795535, 0.5462489, 0.009559536, 0.104232274, 0.051961627, 0.21588562, 0.15456289, 0.047441334, 0.5120349, 1.0792072, 0.053850926, 1.2851443, 0.27683303]"
122,Qwen3-VL-235B-A22B-Thinking,"[-0.5162829, 0.2897382, 2.4523878, -0.17707749, 0.35329062, -0.08314052, 0.06211081, 0.17858157, 0.14573474, -0.012039278, -0.20674786, 0.26752266, 0.19035192, 0.25221273, 0.44774958, -0.110160284, 1.0622482, 0.31430334, 1.2023888, 0.015373213]"
123,Qwen3-VL-30B-A3B-Instruct,"[-0.08458632, 0.32253212, 0.5727057, 0.1078452, -0.21877825, 0.048067044, -0.2268601, -0.15848914, 0.45527366, 0.18113883, 0.38522878, 0.06515838, -0.05509409, 0.47162774, -0.07538463, -0.3932264, 1.2915242, -0.6743765, 0.92453116, 0.11416771]"
124,Qwen3-VL-30B-A3B-Thinking,"[-0.37062064, -0.01598741, 1.7227048, 0.47696394, 0.31294355, 0.41181308, -0.061680973, 0.35500324, 0.5765353, 0.2037966, 0.43130517, -0.024131034, 0.06959894, 0.4086229, 0.17165902, -0.38424775, 0.6493279, 0.34176767, 0.64489645, -0.11432733]"
125,Qwen3-VL-32B-Instruct,"[-0.6070919, 0.063741885, 1.1800294, 0.13695535, 0.6835392, 0.3553646, 0.5078438, 0.06956672, 0.641409, 0.11037089, -0.19992065, 0.0619701, -0.20530862, 0.08370906, 0.15549374, -0.33548275, 0.508147, 0.5650733, 1.3153925, -0.7020277]"
126,Qwen3-VL-32B-Thinking,"[-0.14090587, 0.25281814, 1.8431844, 0.33878478, 0.1120686, 0.005429653, 0.19611071, 0.2430591, 0.0554608, -0.001721659, -0.09604894, 0.005732452, 0.33809072, 0.8960105, 0.18318301, 0.45407537, 0.5607989, -0.05102175, 1.4602975, 0.08099423]"
127,Qwen3-VL-4B-Instruct,"[0.28356376, -0.00091944146, 0.31855437, 0.33422533, 0.17076515, 0.039891228, 0.38533196, -0.22368546, 0.10052183, -0.1670084, 0.4293154, 0.10358966, 0.05765222, -0.2684968, -0.07411175, 0.32133344, -0.09056224, -0.36429214, 0.014996642, -0.002299305]"
128,Qwen3-VL-4B-Thinking,"[0.4442289, 0.91905576, 1.1261239, -0.3366619, 0.6787189, 0.21861792, 0.15113896, -0.04420255, 0.031115036, 0.325514, 0.1651728, -0.4160475, 0.4842835, 0.27619004, -0.14225066, 0.5235571, 0.062248006, 0.6475486, 0.7298293, -0.16307642]"
129,Qwen3-VL-8B-Instruct,"[0.58855546, -0.35660872, 0.16652958, 0.5974228, 0.0041919122, 0.16189857, 0.3384249, 0.1456818, 0.018476378, 0.5722825, -0.006271619, 0.22416979, 0.09220311, -0.23116937, 0.15725145, 0.03198693, 0.36176613, 0.3094465, 0.4694979, -0.10445612]"
130,Qwen3-VL-8B-Thinking,"[-0.3091196, -0.26892355, 1.7017692, 0.5290891, 0.4067672, -0.33406746, -0.035453506, 0.37788, 0.20801835, 0.109002866, -0.264696, 0.200478, 0.2031971, 0.20663548, -0.11267189, 0.46408927, 0.34950027, 0.25252742, 0.4009956, -0.26030594]"
131,Qwen3.5-0.8B,"[-0.20874973, 0.07977805, -1.9432182, -0.26050144, -0.121129185, 0.2349551, 0.24804363, -0.43575296, 0.44401488, 0.24262783, -0.17332588, 0.018518345, -0.118561685, 0.05357554, -0.110563986, -0.53396976, 0.08395482, 0.6724524, -2.1579409, 0.17611128]"
132,Qwen3.5-122B-A10B,"[1.716462, -0.083427526, 1.6905229, -0.037278466, -0.34959036, -0.11641338, 0.17476358, 1.3537121, 0.16511495, 0.24103175, -0.13681051, 0.2835012, -0.19981194, 0.11251842, 0.30221418, -0.4160534, 1.1547304, 0.50569147, 1.9516602, -0.09593929]"
133,Qwen3.5-27B,"[0.6340654, 0.014423385, 1.3567319, 0.030091811, -0.11719462, -0.032039937, 0.3599713, 1.047904, 0.32149997, 0.8525374, 0.14956784, 0.28785664, 0.22714926, 0.013024188, 0.20599905, -0.41397488, 1.1411527, 0.19692288, 2.912468, 0.06820001]"
134,Qwen3.5-2B,"[-0.44325143, 0.15137017, -0.29221582, -0.64805233, 0.14526309, 0.069553964, 0.42813852, 0.32768926, 0.0825473, 0.4371701, 0.061489195, -0.11079204, -0.37213245, 0.6220284, -0.12208585, -0.21587491, 0.24510464, 0.95011157, -0.34241146, -0.28198346]"
135,Qwen3.5-35B-A3B,"[1.7211807, 0.5142249, 1.1823548, 0.14481075, -0.49674022, 0.20367694, 0.33217102, 1.0487283, 0.30894452, 0.114205666, 0.6234825, 0.55026907, 0.17848423, 0.8319353, 0.16271545, -0.2570254, 1.3507237, 0.4841423, 2.0014482, -0.19104894]"
136,Qwen3.5-397B-A17B,"[1.3824676, 0.1896476, 2.655979, 0.26527178, -0.13872884, -0.18491648, -0.109047174, -0.20647134, 0.044392712, -0.86626136, 0.41629064, 0.23659687, -0.27130803, -0.54045033, -0.7393442, -0.5277254, 1.2160823, 0.89919835, 2.7332115, 0.29038432]"
137,Qwen3.5-4B,"[-0.7212846, 0.5955293, 1.4655943, 0.44663656, 0.33286673, -0.03932334, -0.20657401, 0.9996516, 0.3857226, 0.71571517, -0.7810548, 0.3125046, 0.2940225, 0.37368226, -0.032228295, -0.6172169, 1.0499772, 0.03241389, 0.5552666, 0.21715653]"
138,Qwen3.5-9B,"[-0.54957736, 0.58899, 2.4611382, 0.64836407, 0.121247485, 0.3771966, 0.6976041, 0.31847504, 0.04089083, 0.41196233, -0.45225838, 0.043195017, 0.16330817, -0.42352122, -0.78837514, -0.032933045, 0.3755878, 0.8650626, 1.6583695, 0.069704175]"
139,Qwen3.6-Plus,"[0.6766015, 0.4025179, 2.8248436, 0.58436495, 0.49939924, 0.42891425, 0.18798406, 0.7328478, 0.20703533, 0.54266363, 0.17880674, 0.4550699, 0.6416624, 0.46024677, 0.31365737, -0.47152922, 1.3427765, 0.3356474, 2.1742592, -0.41491306]"
140,Yi-1.5-34B,"[4.371907, 0.79782075, 0.6626449, -0.38319835, 0.6121118, 0.12204786, 0.430416, 0.42569795, 0.15211882, 0.7665641, 0.02743224, 0.2335525, -0.2628855, -0.4308247, -1.0731297, -0.03744466, -0.746899, -0.05360927, 0.7699582, -1.1990675]"
141,Yi-1.5-34B-Chat,"[0.17500776, -0.2056766, -2.178831, -0.008206611, 1.2414045, 0.23981375, -0.3048441, 0.58564687, -0.8791571, -0.1033932, -0.5830001, 0.47252932, 0.17303655, -2.048916, 0.07893146, -0.63313204, 0.29447573, 0.11468334, -0.98386514, 0.14603]"
142,Yi-6B,"[0.6074013, 0.16524263, -1.7218256, -2.00463, -0.6365959, -0.7992451, -0.053539537, 0.93865246, 0.2635638, -1.0210778, -0.7728785, 0.17905895, -1.8541176, -0.30036214, 0.8620939, 0.6168775, -1.6817757, -1.1564559, -0.43300128, -0.7390252]"
143,amazon.nova-lite-v1:0,"[-0.44152758, -0.3950807, -1.99477, 0.76362187, 0.58433145, 0.13681689, 0.19427553, 0.44906595, 0.9232784, -0.0026036082, 0.04435792, 0.5424348, 1.2521758, -0.49298787, 1.1678662, 0.17092887, 0.8253638, 0.82395464, 0.2866703, 0.04779502]"
144,amazon.nova-micro-v1:0,"[0.11966916, 0.5054387, -2.357039, 0.3441842, 0.5298626, 0.262814, 0.4676533, 0.11781089, -0.18698773, 1.012214, 0.13713138, -0.4441188, 0.46798095, -0.99912304, 0.71961313, -0.25168496, 0.9379194, 1.0508925, 0.21888423, -0.37197444]"
145,amazon.nova-pro-v1:0,"[0.7815944, 0.6021775, -1.5650098, 0.23641112, -0.5770734, -0.21201809, 0.35986096, 0.11273702, 0.10046804, -0.01038017, 0.33952382, 0.9417873, 0.72993535, -0.34051928, 0.841192, 0.12253458, 1.0280178, 1.3875983, 0.5656332, 0.15256485]"
146,c4ai-command-r-plus-08-2024,"[-1.0952358, 0.57799596, -1.9535295, -0.48735413, 0.013881217, -0.3275623, -0.62710714, -0.35704982, -0.49641895, -0.06799702, -0.25353914, -0.8580036, -0.09797293, 0.23346105, -0.36813697, -0.10990661, -0.18348214, 0.430035, 1.7844162, 0.29842556]"
147,chatglm2-6b,"[0.21663775, 1.0012935, -0.9919195, 0.0798012, 0.3633717, -0.87682414, 1.921712, 0.22200002, 0.86119187, -4.1273317, 0.34999344, 0.7455945, -1.9262094, -0.9542053, -0.5706013, -0.15103018, -2.433105, 0.09104172, -2.1057951, 0.5943081]"
148,claude-3-5-haiku-20241022,"[0.32261825, 0.019634591, -1.0599581, 0.34200922, 0.060499214, -0.34216377, -0.53448087, 0.4499927, 0.17725621, -0.27872926, -0.19418623, -0.096082605, -0.28476182, 0.043173574, -0.895387, -0.44508022, 0.78279936, 0.04714567, 1.4270467, 0.3034126]"
149,claude-3-5-sonnet-20240620,"[-0.42364034, 0.56744605, -0.74427193, 0.14025998, 0.5546158, 0.054919142, 0.39167324, 0.83401716, -0.03931261, -0.9303396, 0.021775458, 0.479558, 0.37539238, 0.07389808, -0.14632282, -0.2341599, 1.4063412, 1.4339207, 1.0472164, 0.2462694]"
150,claude-3-5-sonnet-20241022,"[-0.078123376, -0.57696015, -0.10707981, 0.07762436, 0.3276128, -0.20170845, 0.4125357, -0.3867579, 0.6252101, 0.3294939, 0.1897231, 0.53654957, 0.6328497, -0.9000513, -0.3296403, -0.3295558, 1.5488665, 0.2031318, 0.9007785, -0.700101]"
151,claude-3-7-sonnet-20250219,"[0.60390687, -0.14413984, 0.70513463, -0.06673668, 0.37450042, 0.38969007, 0.2495492, -0.19386674, -0.022501748, 0.26708657, 0.31381136, 0.6717396, 0.3608278, -0.11574147, 0.015958898, 0.35837165, 0.37449065, 0.27251443, 1.4509953, 0.09676149]"
152,claude-3-haiku-20240307,"[0.3730271, 0.25533473, -2.6022344, 0.13542786, -0.22972837, -0.008490649, 0.38923258, 0.313464, 0.30469444, -0.21116681, 0.4481693, 0.046544716, 0.3684389, 0.69086313, 0.68451834, -0.26888385, 0.13722822, 0.7485681, -0.23911561, 0.17685802]"
153,claude-3-opus-20240229,"[1.0818124, 0.68772, -1.6103013, -0.66918886, 0.5568161, -0.11964861, 0.4865558, -0.17281362, 0.84813297, -0.034395076, 0.17710856, -0.18752816, -0.45531824, -0.07184116, 1.0347624, 0.44601208, 0.7978216, 1.6986034, 1.5634545, -0.9049898]"
154,claude-3-sonnet-20240229,"[-0.51188576, -0.84312826, -2.4733677, -0.1425855, -0.3814709, 0.65189856, -0.3350379, 0.12035056, 0.07839635, -0.27188754, -0.07392274, 0.2025663, -0.18709958, 0.4079712, 0.6585327, -0.28355366, 0.036226958, 1.8769915, 0.7669533, 0.17702265]"
155,claude-haiku-4-5-20251001,"[0.7633744, -0.07092792, 0.60559344, 1.3518556, -0.124853835, 0.78632027, 0.40009823, -0.15900998, 0.4626037, 0.03856053, 0.12521826, 0.3782081, -0.3423801, -0.3299539, 0.034184996, -0.01599955, 1.1742924, 0.42460617, 1.5702115, 0.4378053]"
156,claude-opus-4-1-20250805,"[0.86395377, 0.057488956, 1.2159395, 0.494244, 0.35156855, 1.2258676, 0.06307759, -0.094121076, -0.11428114, -0.123722635, -0.292857, 0.6190886, 0.7062871, 0.30022213, 0.14898458, -0.27055177, 0.38317898, 0.71038413, 1.2824196, -0.47586852]"
157,claude-opus-4-20250514,"[0.17777254, 0.34857544, 1.2734452, 0.053498488, 0.41352117, 0.729919, -0.31931645, 0.34243438, 0.40001246, -0.077501155, 0.0018148626, 0.20006146, 0.1771645, -0.50542355, -1.0145309, 0.32256138, 1.2859231, -0.119917005, 0.08662337, 0.046077736]"
158,claude-opus-4-5-20251101_64K_high,"[1.886798, 0.3285859, 2.9510317, -0.04501267, 0.2470719, 0.35625434, -0.18257634, 1.140962, 0.54965293, 0.14633082, 0.9345397, 0.36029044, -0.1313762, -0.0038943072, -0.42907265, -0.04157467, 1.2564013, 0.42564502, 1.0864234, 0.20099308]"
159,claude-opus-4-6_adaptive_max,"[3.1195338, -0.31203684, 4.3502836, 0.0139240185, -0.025710203, -0.1662534, -0.3764673, 1.0952185, 0.46080023, -0.049444325, -0.17083107, 0.75925815, 0.033425096, 0.1833547, 0.57227093, -0.12085466, 1.2292515, 0.9344513, 1.2310854, 0.058312654]"
160,claude-opus-4-6_max,"[3.2086282, 0.84039104, 3.441975, 0.4818623, -0.38913608, 0.361563, 0.23327781, 0.2605211, 0.87054026, 0.74556005, 0.04063527, 1.0566083, 0.43220404, -0.30923665, -0.41249388, 0.43563125, 0.88066137, -1.0091835, 3.1745627, 0.032880675]"
161,claude-opus-4-7_adaptive_max,"[3.4161098, 0.22479704, 4.9787374, 0.21319546, 0.01106198, 0.022171527, -0.19807035, 0.97253233, 1.1067495, -0.06168047, 0.20689394, 1.2351228, -0.1585949, 0.4110102, 0.34534103, -0.2724007, 1.3997908, 0.48184517, 2.2535367, -0.1439385]"
162,claude-sonnet-4-20250514,"[0.11868554, 0.51653594, 0.97089076, 0.44243637, 0.5216138, 0.95287514, -0.22963786, -0.013356929, 0.34225383, 0.15361801, 0.12793937, 0.315335, -0.2972499, 0.1238592, -1.3994706, -0.09755728, 0.7235413, -0.70177716, 1.0559511, -0.29767203]"
163,claude-sonnet-4-5-20250929,"[0.67903906, -0.08875525, 1.0733012, -0.3342452, 0.065560415, 1.7145146, 0.17325269, 0.31733972, 0.04108694, 0.14941819, -0.31522033, -0.3461995, 1.0340829, 0.8359368, -0.21938036, 0.1965555, 1.3566718, 0.1810476, 1.7956138, -0.24769723]"
164,claude-sonnet-4-5-20250929_32K,"[0.63578796, 0.35110086, 2.8408904, -0.31517735, -0.26941243, -0.13824639, -0.65178156, 0.007239357, -1.5355915, 0.56517655, 0.03159195, 0.06612485, 0.05434257, -0.0362903, 0.2943699, -0.20434986, -0.09271433, 0.59318084, 1.5902084, -0.046030104]"
165,claude-sonnet-4-6_adaptive_max,"[2.7848306, -0.53021455, 3.4587238, 0.13349903, 0.07918427, 0.13670701, -0.25559723, 1.0525852, 0.39001662, -0.07300853, -0.15538809, 0.56638944, -0.12858842, -0.02038432, 0.11822043, 0.29956338, 0.6914585, 1.2038243, 1.6859717, -0.28100848]"
166,falcon-180B,"[1.2784526, 0.9832096, 0.13499558, 0.0726014, 0.47392607, -0.7670905, -0.40017042, 0.07241091, -1.7053776, -0.12200461, 0.07319642, 0.71452576, -1.6140769, 2.7767355, 0.29906192, -0.36255533, -1.2118484, -0.30324253, 1.4862489, 0.12374109]"
167,falcon-40b,"[1.580869, 0.480278, -0.052438725, 0.20149408, 1.611998, 2.3602192, 0.4470325, 0.19691488, 0.2823935, -0.34140915, -0.54315436, 2.3467648, -2.8943808, 0.32329273, 0.31691107, -1.3454324, -2.1972773, -0.36893386, 0.046259798, -1.3838286]"
168,falcon-7b,"[0.7783499, 0.5415109, -0.8165341, 1.0977858, -0.58376616, -1.0483917, 0.08998476, 1.6442679, 0.21968311, -1.5998809, 0.8318147, -2.8917985, -3.7986012, -0.263836, -0.052389648, 0.8659152, -3.582011, -0.22356017, -0.19599207, -1.2465601]"
169,gemini-1.0-pro-001,"[0.7247807, -0.08257112, -3.0266056, 0.68707436, 0.5643407, 0.053254712, 0.16085434, 0.34034467, -0.91537756, -0.59375, -0.25414816, 0.32709593, 1.1353016, -0.38771915, 1.578141, -0.21355094, -0.27739412, 1.5885624, -0.45311344, -0.05835275]"
170,gemini-1.5-flash-001,"[0.6993484, 0.10756183, -1.9993213, 0.5930481, 1.349403, -0.20838231, -0.21074784, 0.12830076, -0.71748793, -0.1886587, -0.26779848, 0.27122527, 0.17591688, -0.21321502, 0.85568476, 0.29152694, 0.55543256, -0.2142237, 1.2470342, -0.25068045]"
171,gemini-1.5-flash-002,"[-0.66255784, 0.18620367, -0.9007332, -0.023811325, 0.70886564, 0.12609723, -0.22750926, -0.8067706, 0.46568662, -0.41120157, 0.30325872, 0.07036062, -0.10391193, 0.7067327, 0.9744676, -0.31548643, 0.26697248, -0.5722423, 1.7032725, 0.72694516]"
172,gemini-1.5-flash-8b-001,"[0.33144873, 4.3090124, -1.6058244, -0.0718343, 0.21437924, 0.2766159, 0.11331605, -0.5793424, 0.110231966, 0.37895507, 0.38733578, 0.18574871, -0.21209982, 0.07899018, 0.2569763, -0.6883454, 0.37818494, -0.47680625, 0.19548893, 0.28686765]"
173,gemini-1.5-pro-001,"[-0.7607047, -0.66620374, -1.5727226, 0.56167156, 1.2661717, -0.13186021, 0.42807567, -0.15686628, -0.1863792, -0.5947719, 0.70786434, 0.8042348, 0.023085078, -0.8803835, 0.46469977, -0.29764014, 1.4685214, -1.6752623, 1.3240267, 0.19633114]"
174,gemini-1.5-pro-002,"[-0.5636397, 0.19061732, -0.6538966, -0.20395584, 0.22033109, 0.11693702, -0.08313366, -0.69452304, 0.30138233, -0.048284117, 0.20241748, 0.14603384, -0.1784361, -0.22947519, 0.5796854, -0.002416286, 0.7225836, -0.022963816, 1.2869409, -0.26454058]"
175,gemini-2.0-flash-001,"[-1.7562363, -0.33002687, -0.05104051, -0.043129157, 0.50854564, -0.23349309, 0.57686096, -0.45117658, 0.80828387, -0.3542495, -0.21664484, -0.14230518, 0.10350074, 0.176838, 0.87868905, -0.09179428, 0.2848019, 0.30080968, 2.4633405, -0.42049113]"
176,gemini-2.0-flash-lite-001,"[-0.14927213, 0.15057568, -0.81562024, 0.36814392, -0.18589875, -0.17061967, 0.3172245, -0.19737852, 0.24075657, 0.2965708, -0.20665677, 0.30105525, 0.07718105, 0.24557196, 0.36271793, -0.25510988, -0.29742795, -0.061283987, 1.7680014, -0.04713737]"
177,gemini-2.0-pro-exp-02-05,"[0.10064531, -0.5963511, 0.524901, -0.68786234, -0.26083466, 0.04291183, 0.2930696, 0.054286927, 0.8138725, 0.59376353, -0.38565588, 0.20504025, -0.78921264, -0.9514738, 0.04221714, 0.43312994, 1.532713, 0.3426915, 0.60543597, -0.40687287]"
178,gemini-2.5-flash,"[-0.335045, -0.18593633, 1.1081324, 0.28156817, 0.7911354, -0.5859507, 0.7137775, -0.1993736, 0.7674128, -0.30037165, -0.34040505, 0.029372806, 0.44855613, 0.118327096, 0.1476908, -0.5140593, 1.8488997, 0.25959176, 2.742733, 0.27545345]"
179,gemini-2.5-flash-preview-05-20,"[-0.6401108, -0.0055400976, 1.7763199, 0.59684366, -0.101891175, -0.99057347, -0.061047282, 0.35808855, 0.1739181, 0.09889602, 0.00804222, -0.075305745, -0.051150206, 0.5135274, -0.16854681, -0.5977386, 0.3849773, 0.24082518, 1.3515826, 0.29341024]"
180,gemini-2.5-pro,"[-0.15168121, 0.13447073, 2.6174517, 0.06932202, 0.1738132, -0.31432056, -0.4678757, -0.11701082, 0.31310993, -0.106489934, -0.07031351, 0.49126545, 0.6147578, 0.10290907, -0.20712635, 0.30531, 0.852586, -0.33290678, 1.8876168, -0.3502365]"
181,gemini-2.5-pro-exp-03-25,"[-0.60678643, -0.0051197675, 2.3214269, 0.45961276, 0.12534621, -0.27741057, -0.042302985, -0.19485907, 0.26281902, 0.061272405, -0.3373184, 0.41761044, 0.035494898, -0.18697415, 0.42929244, -0.03453001, 0.58656394, 0.32828778, 1.9111327, 0.057565734]"
182,gemini-2.5-pro-preview-05-06,"[0.112694286, 0.48725086, 2.1361737, -0.06325106, 0.21744233, -0.08785394, -0.021387907, -0.3715561, 0.5334867, 0.28837574, -0.051108573, 0.10634357, 0.2921078, 0.26646718, 0.6670396, 0.2391796, 1.2666374, 0.2462179, 1.2013745, -0.27908418]"
183,gemini-2.5-pro-preview-06-05,"[-0.547521, 0.033117257, 2.201054, 0.6431459, 0.10366458, -0.64558905, 0.062275037, 0.40133455, 0.25863844, -0.39345595, 0.20465702, 0.08446731, 1.2045046, -0.48986033, -0.3292592, 0.4676444, 0.6865856, 0.34229574, 1.9370683, 0.14208065]"
184,gemini-3-flash-preview_high,"[1.7305119, 0.34116715, 4.156607, -0.5313691, -0.109269984, -0.664039, -0.16123164, 0.21176572, 0.0613484, 0.13910407, 0.15832919, 0.1317153, 0.20360522, -0.32058853, -0.19591226, 0.7556984, 1.8311257, -0.106935784, 1.5678945, 0.37345883]"
185,gemini-3-pro-preview_high,"[1.9491019, 0.046111524, 3.8358989, 0.47154027, -0.06264127, -0.12837389, 0.5864957, 0.020426407, 0.18287583, -0.20061952, -0.20139712, 0.35028237, -0.088446565, 0.40279037, -0.41697785, 0.81547326, 1.3179263, 0.004989038, 1.4035139, -0.17041126]"
186,gemini-3.1-pro-preview_high,"[3.5530033, -0.2407955, 4.037414, -0.33428532, 0.27281606, 0.37394413, -0.37459522, 0.6246013, 0.6325868, 0.4287285, -0.26039222, 0.45751908, 1.005592, 0.7544801, -0.19030099, -0.046222642, 1.1376706, 0.036832605, 3.2226152, 0.033652045]"
187,gemma-2-27b-it,"[1.8732206, 0.4402435, -2.0294538, 0.5098042, 0.9729836, -0.47154862, -0.18415754, -0.03767116, 0.10965969, 0.54145855, 0.27176192, -0.15840535, -0.41064322, 0.6510164, 0.13418493, -0.7894999, 0.019824186, 0.6428642, 0.8808478, -0.6053667]"
188,gemma-2-2b-it,"[0.8633105, 0.30085066, -3.9691405, 0.66707337, -0.75594383, -0.24871969, 0.5889566, 0.08030024, -0.14725809, 1.0741347, 0.06319611, -0.3567009, -0.5671283, 0.45382947, 0.9154633, -0.17552349, -1.0110165, 0.8943496, -1.0895892, -0.012777035]"
189,gemma-2-9b-it,"[1.8255365, 1.046639, -2.381087, 0.38013485, 0.54581165, 0.061519627, -0.10340483, 0.23289154, 0.030534733, -0.22851524, 1.1533333, 0.15653177, -0.16463101, -0.27249637, -0.017916745, -0.36712724, -0.105486296, 0.76758456, -0.46317267, 0.18152894]"
190,gemma-2b,"[-0.38277534, 0.023376472, -0.43025634, -0.18750706, 0.8358659, 1.3181145, 0.12654668, 0.1277019, -0.23443718, -0.16783732, 0.32034904, 0.40138763, -0.8054861, -1.3524102, -0.26648208, -0.09868582, -2.2682536, -1.4023604, -2.6064606, 0.9882461]"
191,gemma-3-12b-it,"[0.26269057, -0.38665465, -1.5153513, 0.26967728, 0.03575274, -0.41675726, 0.75528675, 0.5755714, 0.3288316, -0.07574472, 0.0984028, -0.42038643, 0.10293535, -0.15531878, -0.18459259, -0.4543268, 0.73922336, 0.11218969, 0.8391435, 0.119153656]"
192,gemma-3-12b-pt,"[1.5004466, 0.6846285, -1.2655005, 0.40035307, -0.16826758, 0.06649876, 0.14777623, 0.7729293, -0.9754572, 0.6920468, 0.14789863, -0.21706875, -0.038652916, 0.4397587, -0.38491222, -0.62303334, -0.73217726, -0.30151716, -0.3657195, 0.21810783]"
193,gemma-3-1b-it,"[0.09134341, -0.0041311844, -4.388698, 0.20408008, 0.2717685, 0.32812595, -0.12445605, 0.15181059, 0.22115196, 0.577875, -0.13837221, -0.089446776, -0.3030828, 0.07243844, -0.35438988, -0.044364467, -0.68166095, 0.33037776, -1.7421528, -0.108202055]"
194,gemma-3-1b-pt,"[-0.16841742, -0.5918314, 1.6596512, 0.007484289, 0.5189686, 0.23305887, 0.19720142, 0.38702098, -0.03115208, 0.47599176, 0.22006735, 0.058254004, 0.0379693, 0.023074282, 0.20926479, -0.5171033, -3.4515388, -0.17012633, -3.501412, -0.40382278]"
195,gemma-3-27b-it,"[0.85632396, -0.4132372, -0.8299582, 0.18569542, 0.24142556, -0.27883664, -0.33653212, 0.054585844, -0.34936813, 0.164435, 0.2750379, -0.212894, -0.03737557, -0.22223186, -0.4918593, -0.47402996, 0.7584294, 0.7665014, 1.1496142, 0.003675121]"
196,gemma-3-27b-pt,"[-0.43591636, -0.08450727, -1.2720089, 0.035086, 0.65086514, 0.7517267, 0.3379544, 0.5385035, 0.66708887, 0.6239612, -0.54973525, -0.27641183, 0.537394, 0.4217304, 0.8158177, -1.1809342, -0.55096936, -0.013039622, 0.4281325, -0.576102]"
197,gemma-3-4b-it,"[0.5340467, 0.95451516, -4.6022835, 0.8854814, -0.23977832, -0.07357948, -0.25159553, -0.02815594, 0.5996017, 0.384037, 0.38217586, -1.4232785, -0.07188726, 0.49807125, 0.37099037, -0.25279817, 0.5458042, 0.79715943, 0.58783156, 0.23608503]"
198,gemma-3-4b-pt,"[1.4120243, -0.3964966, -0.5451691, 0.1962037, -0.09613043, -0.6724418, 1.0896358, -0.10700129, 1.2634677, 0.1947566, -0.022871155, -0.48178, 0.041666925, 0.08445574, -0.08851105, -0.07753116, -1.437121, -0.4891669, -1.6087834, -0.48331016]"
199,gemma-3n-E2B-it,"[-0.49908876, 0.36598808, -2.1393447, 0.17919746, -0.348215, 0.6312735, 0.8085892, -0.48656562, 0.38701132, 0.5974944, -0.17054036, -0.25900272, -0.660169, 0.41806677, 0.25395086, 0.9722668, -0.32291108, 0.13302581, -1.3968582, 0.46347907]"
200,gemma-3n-E2B-it-litert-preview,"[-0.081615075, 0.270742, -2.114403, -0.33952618, 0.51722103, 0.14728492, -0.38823375, -0.9104568, -0.30770567, 0.48200127, 0.9787822, -0.95621336, -0.4957872, 0.1944075, -0.56641877, -0.27851927, -0.12796347, -1.49304, -1.3890972, -0.56173545]"
201,gemma-3n-E4B-it,"[-0.16768424, 0.47986996, -1.4800333, -0.21142145, 0.7848215, 0.49822643, 0.36058828, 0.04466065, 0.09058452, 0.5067556, -0.058324195, -0.3196791, 0.22624627, 0.08535328, 0.04041673, 0.21713689, -0.2993704, -0.12860703, -0.5738057, 0.2186728]"
202,gemma-3n-E4B-it-litert-preview,"[-0.3408345, -0.06303182, -1.6036547, 0.50074023, -0.15387055, 1.2270076, 0.13718201, 0.14882204, 0.7684626, 1.232794, 0.15218253, -0.068610504, 0.48551053, 0.40594396, -0.2752125, -0.6129127, -0.07776492, -1.3975759, -0.99231416, 0.119517595]"
203,gemma-7b,"[-0.71369106, 2.1600473, 1.4191787, 0.6546141, -0.6578658, 0.4653411, 0.41873628, 0.41823533, 0.68340474, 0.69131404, 0.07089611, -0.31111068, 0.28941378, 0.16095741, -0.10626, 0.39906102, -1.5989281, 0.1361653, -1.8850296, -0.7988801]"
204,glm-4.5,"[-0.18972924, 0.09518991, 2.0342991, 0.773338, -0.0967656, -0.1331236, -0.3058708, -0.026734166, 0.33381724, -0.35695007, 0.20479976, 0.1711324, -0.41321933, -0.008294422, 0.87145925, 0.13210228, 1.1976727, 0.61365014, 0.48378888, -0.035810206]"
205,gpt-3.5-turbo-0125,"[0.2437066, 0.6468851, -2.9917169, 0.5146535, -0.42843825, -0.36767817, -0.26875833, -0.5086247, 0.07965277, 0.3370069, 0.9648518, 0.30824426, 0.6258191, 0.44858393, 0.2353217, 0.9763165, 0.19529036, 0.69206846, -1.9649329, -0.39489144]"
206,gpt-3.5-turbo-1106,"[0.044426158, -0.05250457, -2.8700385, 0.2166628, -0.3471154, -0.35216758, 0.33761603, 0.55069005, -0.24817699, -0.49331588, 0.84268504, -0.6454206, 0.6404031, -0.9814447, 0.89198744, -0.74556905, 0.25880235, 1.7457646, 0.5565721, 0.2702228]"
207,gpt-4-0125-preview,"[0.11788954, -0.3105271, -0.8729586, 0.36303174, 0.02249619, -0.4428045, 0.16500154, 0.34346393, -0.5354833, 0.8127525, -1.9105914, 1.2574309, -0.7466284, -0.3342296, -0.6302467, 0.116933696, 0.7736423, 0.82326686, 0.45934957, -0.036343463]"
208,gpt-4-0314,"[-0.662701, -0.033816062, -2.490687, 0.6528562, 0.27760267, 0.3305925, 0.40028045, 0.41727018, -0.52058154, 0.66832346, -0.2217412, -0.5888545, 0.4549085, 0.29023546, 1.075798, 0.6417934, 0.9753161, 2.5218031, -0.2930803, 0.39037985]"
209,gpt-4-0613,"[0.20284185, -0.15403539, -2.404386, 0.33454207, -0.42261252, 0.109201804, 0.34747097, -0.6120102, -0.6798961, 1.107037, -0.4398854, -0.46502575, 0.35588464, 0.3069173, 0.28445426, 0.96768945, 1.0615079, 1.3073452, -0.3726346, -0.28628078]"
210,gpt-4-turbo-2024-04-09,"[-0.062390335, 0.46854076, -1.2111136, -0.30455577, 0.4730385, -0.5677689, -0.6999313, 1.7400459, -0.34724215, 0.6160172, 0.239278, -0.62578887, 0.051073823, 0.5541829, 0.9095526, -0.52565026, 1.2996347, 0.9045303, 0.43781835, 0.3158574]"
211,gpt-4.1-2025-04-14,"[-0.5674705, -0.15948679, 0.27464855, -0.3044082, 0.67072135, 0.15735403, 0.16174075, -0.42133415, 0.4879028, -0.04578617, -0.10081347, 0.3794357, 0.10210444, 0.48837575, 0.298764, 0.05775777, 1.2936736, 0.04316959, 1.3227946, 0.19649315]"
212,gpt-4.1-mini-2025-04-14,"[-0.78820276, -0.14917505, 0.21543367, -0.029305747, -1.1566386, 0.25601402, 0.16587211, 0.35870245, 0.36587334, 0.42425308, -0.2133188, -0.018963693, -0.5541412, 0.32155186, -0.024463486, -0.29568455, 0.6698236, 0.6468723, 1.4684018, -0.01643453]"
213,gpt-4.1-nano-2025-04-14,"[-0.19614238, 0.021714082, -0.647149, 0.46045303, 0.15960583, -0.24429072, 0.38179156, 0.60101783, 0.47502086, 0.16402194, 0.5375456, 0.19473703, -0.6193191, 0.27688488, 0.46543482, 0.5673278, 0.4893573, 0.04326475, 0.16361699, -0.25627977]"
214,gpt-4.5-preview-2025-02-27,"[-0.50956863, -0.16407706, 0.3796827, 0.50619394, 0.23104137, -0.16779143, -0.08834319, 0.28939703, 0.16855925, -0.041354384, 0.44506446, 0.31853852, 0.30233568, -0.11129711, 0.5830426, 1.0092498, 1.2323577, 1.019604, 1.1392529, 0.042041652]"
215,gpt-4o-2024-05-13,"[0.57529014, 0.35491025, -0.87566334, 0.70533794, 0.7329267, -0.30074987, 0.7591931, 0.9780612, 0.15236376, 0.21842226, -0.54545456, 0.62456495, -0.24418534, 0.4328135, 0.28766, 0.19216023, 1.3718536, 1.1455761, 0.95147115, 0.097630374]"
216,gpt-4o-2024-08-06,"[-0.13403794, -0.096788324, -1.0957661, 0.8107341, 0.2758581, 0.25341433, 0.13853219, -0.010706162, 0.5907012, -0.27607852, 0.27941307, 0.78478056, -0.72080034, 0.39003465, 0.3538209, 0.6165659, 1.4590565, 0.26889724, 0.7390681, 0.20670559]"
217,gpt-4o-2024-11-20,"[-0.14552954, -0.5402782, -1.3331237, 0.3282475, -0.48404095, 0.057630654, 0.09851915, 0.2580274, 0.11590456, -0.1544385, 0.7739215, -0.4416979, -0.39031228, 0.3994807, 0.876311, 0.28358296, 1.1476917, -0.31992665, 1.3317335, 0.23376511]"
218,gpt-4o-mini-2024-07-18,"[-0.67546594, -0.43939042, -1.5428389, 0.51566374, 0.8375578, -0.007155655, 0.04951474, 0.34974626, 0.19248426, 0.053367633, 0.10139142, -0.560431, -0.4811755, 0.5802084, 0.116263136, -0.02495645, 1.3889616, 0.6141446, 0.3530178, -0.17871696]"
219,gpt-5-2025-08-07_high,"[0.28873065, -0.32607323, 3.6374958, 0.10955891, 0.26194915, 0.08679925, -0.34208915, 0.3814631, 0.40150443, 0.11900899, 0.023120672, 0.23068261, 0.6647849, 0.16542596, 0.89763176, 0.15687415, 1.1051425, 0.7156491, 1.9629675, 0.050561637]"
220,gpt-5-2025-08-07_medium,"[-0.27878532, -0.051974565, 3.114693, 0.539907, 0.045494862, 0.8331247, 0.79136366, -0.01685411, 0.4602108, -0.03178655, -0.32708985, 0.29169038, 1.5866568, 0.44283202, 0.7107359, -0.56324625, 1.3850582, 0.6385322, 2.1318567, 0.009566341]"
221,gpt-5-mini-2025-08-07_high,"[-0.30739135, 0.1490744, 2.9191396, -0.16265881, -0.109356, -0.53269386, -0.15242307, 0.09284209, 0.5085702, 0.23939177, 0.5771502, 0.047975197, 0.038419724, 0.28978193, 0.105473146, 0.339834, 0.49664336, 1.4337109, 0.57179344, -0.16931127]"
222,gpt-5-mini-2025-08-07_medium,"[-0.53776103, -0.028449358, 2.3295057, 1.1392103, -0.65206146, -0.14431123, 0.3983399, 0.11183915, -0.21306467, -0.9462825, 0.4781698, 0.39897197, 0.09314897, 0.02292075, 0.36667302, -0.11240196, 1.9967158, 0.7016711, -0.64224017, 0.33177578]"
223,gpt-5-nano-2025-08-07_high,"[-0.70153284, 0.13772117, 1.8127015, 0.28721386, -0.07447151, 0.25777414, -0.25998288, 0.32827976, -0.20805773, 0.81335235, -0.8702597, -0.16896875, -0.07505682, 0.8050385, -0.99420214, 0.799725, 0.107086666, 0.8934996, 0.2698398, 0.5522705]"
224,gpt-5-nano-2025-08-07_medium,"[-1.8961862, 0.21461274, 1.8288546, -0.4984326, 0.35349685, -0.6738097, 0.0805305, -0.28348583, 1.5459297, -0.005568105, -0.52911377, -0.0346265, -1.0959482, -0.4624671, -0.3196692, 0.070207015, 1.0920091, 0.53980917, 0.20995985, -0.3632118]"
225,gpt-5.1_high,"[1.0594066, -0.2284934, 3.6241446, -0.39687166, -0.08125982, 0.017379, 0.21503624, 0.58148164, -0.4013373, 0.43604267, 0.08975855, 0.6630001, 0.36669543, -0.29532433, -0.6841917, 0.06311299, 0.83431804, 0.60267824, 2.2305787, -0.54143316]"
226,gpt-5.2_xhigh,"[2.3650146, -0.1034144, 3.9497962, 0.042488907, 0.52617884, -0.2904999, 0.4849389, 0.6075649, 0.09240628, -0.058826085, 0.13769083, -0.48057678, 0.3935481, 0.310696, -0.17720044, 0.2234867, 1.0947907, 0.37159815, 1.6419022, 0.21046855]"
227,gpt-5.4-2026-03-05_xhigh,"[3.2045474, 0.61457753, 5.138927, 0.17825598, 0.37784263, 0.63544744, 0.5881895, 0.14973655, 0.36865672, 0.8014469, -0.35114968, 0.7212831, -0.5809026, 0.93260497, -0.80079067, -0.12887897, 0.51937485, 0.19893013, 3.0919595, -0.45838726]"
228,gpt-5.4-mini-2026-03-17_xhigh,"[0.96194106, 0.43064705, 2.9801466, -0.81756353, 0.7269652, 0.45967343, -0.29475445, -0.75403476, 0.4075692, 0.7706272, 1.3859938, 0.29471734, 0.014101877, -0.3238179, 0.33456308, 0.17185141, 2.2023718, -0.08021923, 1.3922658, -0.025037427]"
229,gpt-5.5_xhigh,"[3.9065857, 0.04597467, 3.3831139, -0.6491692, -0.09415295, 1.2760667, -0.32382688, 0.5852913, 0.20275283, 0.42625153, 0.1504016, 0.6185615, 0.41876054, 0.30016264, -0.003617822, 0.1295407, 0.9532534, 0.12793013, 2.7995436, -0.34774157]"
230,gpt-oss-120b,"[0.57419866, -0.24275635, 0.7501343, 0.4126437, 0.050617233, -0.5580012, -0.64950687, 0.6960506, 0.056904417, 0.41875204, -0.19909962, 0.2893525, -1.0040979, -0.11491448, 0.20285761, -0.042410064, 1.2112278, 0.3806808, 1.7840064, 0.69347197]"
231,grok-2-0813,"[-0.11517381, 0.03914285, -0.73023593, -0.04121294, -0.1823811, -0.313687, 0.14570898, 0.2811921, 0.651067, -0.46576753, -1.1579832, 0.8396414, -0.49946123, 0.4749622, 0.03214845, -0.84396946, 1.2420597, 0.4711389, 1.184582, 0.16500965]"
232,grok-2-1212,"[-0.8430436, -0.595268, -0.73059565, -0.21410367, 0.23428132, 0.8142122, 0.190966, -0.39988583, -0.25295937, -0.16882896, 0.13470024, 0.30237648, -0.3168953, 0.20237078, -0.058606062, 0.06978453, 0.48596373, 0.6617751, 0.7099849, -0.13683113]"
233,grok-2-mini-0813,"[0.022521649, -0.46859095, -0.98526144, 0.50063115, 0.1130956, -0.09468279, 1.1126814, -0.5053157, 0.335876, -0.033489205, 0.048122674, -0.3904259, 1.9153502, 0.3446397, 0.30389854, -0.7902418, 0.99896824, 0.4094472, 0.80895454, 0.39755625]"
234,grok-3-beta,"[-1.1449665, 0.25903696, 1.3760335, -0.03297552, 0.20734808, -0.26582628, 0.17444481, -0.057633728, -0.22503625, -0.24616426, -0.42030576, -0.3902186, -0.06681354, 0.8110126, -1.242661, -0.07667515, 1.1241645, -0.080556266, 0.9998266, 0.03181482]"
235,grok-3-mini-beta_low,"[-1.0748844, -0.0399351, 1.4001008, 0.49594444, 0.32397288, -0.6165843, 0.15969259, 0.22933485, 0.93495786, 0.06481072, 0.1702452, -0.26633888, -1.7288355, 0.40874004, -0.3648226, -0.33012646, 0.372355, 1.0258708, 2.338739, 0.09366702]"
236,grok-4-0709,"[-0.70544267, 0.020575112, 2.9308522, 0.34014112, -0.3358249, 0.36012018, 0.10819479, -0.23875925, 0.2459976, 0.17673999, 0.19151643, -0.16351533, 0.9067963, 0.19744363, -0.6636251, 0.3090659, 1.2342911, 0.70305693, 1.7150756, 0.1036327]"
237,internlm-7b,"[1.5014666, 0.22709578, -0.9248968, 0.518825, 0.25700328, -0.31966683, -0.07889664, 0.73191553, 0.26314646, -1.8098172, 0.5265284, -0.8874069, -0.84819454, -0.19330667, 1.4750652, -3.0444617, -2.1530678, 0.39995635, -2.262995, -0.93763804]"
238,kimi-k2-thinking,"[1.8734262, -0.104770266, 4.074216, -0.34261328, -0.31608802, -1.0882381, -0.06319649, -0.51792085, 0.56155974, -0.25572288, 0.17186098, 0.28928435, 0.70849425, 0.35552406, -0.39333567, -0.16247173, 0.76408774, 0.93853146, 1.3339285, 0.25770685]"
239,kimi-k2.6_thinking,"[1.1251074, 0.4189181, 5.0408597, -0.17473792, 0.7935497, 0.264742, 0.68630123, -0.7147774, 0.7732699, 0.31859714, -0.12548384, 0.2875518, 0.18581606, 0.61645365, -0.8769117, 0.16162325, 0.44320205, 0.48947158, 3.0863297, 0.6118125]"
240,magistral-medium-2506,"[-0.53841966, 0.21738324, 0.7832209, 0.65567094, 0.8920375, -0.17072944, 0.24719705, -0.24855871, 0.3874802, 0.20153, 0.24870127, 0.12027521, 0.9812382, 0.099969685, -0.041350186, 0.20074381, 1.9813745, 0.3242418, 0.8697731, 0.14081989]"
241,magistral-small-2506,"[-2.2288132, 0.05196098, 0.6790878, 0.07977408, 0.35431176, -0.71876377, 0.8218288, -1.2787755, 0.9737352, 0.15578361, 0.21336035, -0.025278084, 0.6375766, -0.18363103, -0.2669123, -0.02779643, 2.1353624, -0.13801824, 1.2672392, -0.32050848]"
242,mistral-small-2503,"[-0.40479478, -0.089377366, -1.6082124, 0.84124833, -0.40541384, -0.3033409, 1.1522537, -0.24739338, -0.30224577, 0.5701889, -0.05039197, 0.0758521, 0.33516985, 0.24211253, 0.2931129, -0.93995553, 0.99357283, 0.9080072, 0.2556369, 0.18150899]"
243,mistral-small-2506,"[2.2263343, 0.3357322, -1.2411637, 0.15893947, -0.19996536, -0.0908318, 1.1022481, 1.5074211, -0.6026957, 0.26069087, -0.36785007, 1.4630523, -0.22610472, -0.44142243, 0.26007256, -0.6805244, 1.0840411, 0.23565052, -0.3745591, 0.180396]"
244,mpt-30b,"[1.1353229, 0.109370895, -1.8345135, 0.7868105, 0.5045558, -0.7425709, 0.708839, 1.7154462, 0.46264115, -1.2626604, -1.2858523, 0.659046, -3.358245, -0.9687036, 1.0056955, -3.362682, -2.5816765, -0.21536088, -0.46519947, -0.28543234]"
245,mpt-7b,"[0.30752042, -0.69809544, -0.0051877457, 0.23898193, -0.2194778, -1.0616847, 1.1336148, -0.672722, 0.6943971, 0.53434235, -0.17421576, -0.27372113, -2.1734433, -0.05025201, 0.7837615, -3.5089912, -3.55022, -0.49105492, -1.8858644, -0.43706965]"
246,o1-2024-12-17,"[0.15491895, 0.5564941, 1.4429115, 0.012205202, 0.82640404, -0.24606717, 0.39994887, -0.016519304, 0.3751375, 0.022489283, 0.04466997, 0.2361214, -0.6919291, 0.061658133, 0.027266173, 0.1841245, 1.4903414, 0.23079246, 1.4261305, 0.04166177]"
247,o1-2024-12-17_high,"[-1.0191334, -0.4779817, 1.4621587, 0.007965679, -0.38992906, -0.15346012, 0.05779209, 0.016989669, 0.13177268, 0.19519174, 0.3993373, 0.03361766, 0.386065, 0.10539312, 0.07848848, 0.038472023, 0.91814995, 0.67575055, 1.5065194, 0.035966862]"
248,o1-2024-12-17_medium,"[0.75707746, 0.03227909, 1.7145967, 0.3977318, 0.14377402, -0.1377435, -0.044825062, 0.26237342, 0.05694803, -0.23806384, -0.20623875, 0.049795117, 0.47946596, -0.12147935, 0.4245745, -0.23206778, 0.74544144, 0.32476586, 0.65629745, -0.35364226]"
249,o1-mini-2024-09-12_medium,"[-0.21485251, -0.05513824, 0.68024725, 0.18870308, 0.2693309, 0.28014764, 0.06077216, 0.37766814, 0.36848655, 0.7171107, -0.10285399, 0.25207183, -0.61407375, 0.3439987, 0.32036737, 0.09705906, 1.7296064, 0.05653697, 0.031623024, -0.1762193]"
250,o1-preview-2024-09-12,"[-0.39859852, -0.3504892, 0.3553667, 1.162774, -0.024464278, 0.08407122, 0.22149332, -0.0028022, 0.8225766, -0.0599599, 0.17862217, 0.100378275, 0.21900716, 0.583484, -0.11080099, -0.09625469, 2.0577989, -0.056946233, 0.08686297, 0.23474275]"
251,o3-2025-04-16_high,"[-0.32641107, -0.0072232243, 2.8835113, 0.17742023, 0.65159684, 0.38193402, 0.2232813, 0.42449087, 0.6103767, 0.19188647, -0.08127952, 0.46179864, 0.4914972, 0.28464898, -0.26080742, 0.05474919, 1.026117, 0.79443854, 1.7166857, 0.14786284]"
252,o3-2025-04-16_medium,"[-1.379399, 0.8081083, 2.4397814, -0.12002084, 0.49923682, 0.022583792, 0.15233377, 0.013272232, -0.39145195, 0.63762647, -0.32431364, -0.2864845, 0.8763352, 0.14705433, 0.25758994, 0.52923334, 1.0772619, 0.6623528, 1.5224818, -0.1987702]"
253,o3-mini-2025-01-31_high,"[-1.0914775, -0.018451327, 1.9773659, 0.36907363, 0.26222178, 0.25710505, 0.04197574, 0.14374489, 0.110925235, 0.46279252, 0.06849726, -0.1173589, -0.41713402, -0.055818684, 0.12521957, -0.6555883, 0.8253728, 0.5766613, 1.3141494, 0.11727963]"
254,o3-mini-2025-01-31_medium,"[-1.2140735, -0.089362755, 1.6467786, 0.22172533, 0.49778503, -0.3053579, 0.21399641, 0.5309797, 0.19179069, 0.2361669, -0.025346328, -0.24818164, -0.68791467, 0.007115601, 0.17164163, -0.41806957, 0.67210895, -0.12667656, 1.0418645, -0.029544892]"
255,o4-mini-2025-04-16_high,"[-0.4068066, -0.59074247, 3.0389714, 0.17803022, 0.10146712, 0.028571844, 0.18494983, 0.008329328, 0.31998876, 0.3572979, -0.22447513, 0.23094273, 0.09221848, 0.15096147, -0.06876687, -1.2477572, 0.498479, 0.7966434, 1.7571801, -0.18017657]"
256,o4-mini-2025-04-16_medium,"[-2.6266196, -0.2879873, 2.473592, 0.10125695, 0.19090316, 0.018531574, -0.2489617, -0.09234059, 0.34912127, 0.2707931, 0.29252747, -0.18520671, -0.16807923, 0.3752977, 0.07497412, -0.1400905, 1.0722836, 0.1557374, 1.0127534, 0.2250553]"
257,phi-2,"[1.1103412, -3.257373, -1.54233, 0.20283952, -1.3893226, 0.0064317407, -0.24622071, 0.3479345, 0.6744968, -1.2231835, 0.61455995, -0.25337994, 0.28365338, 0.1584827, -0.040413417, 0.23764996, -1.1129167, 0.6621033, -2.5199862, 0.45614135]"
258,phi-4,"[-0.16894437, -0.14703268, -0.9772378, 0.21218973, 0.08409873, -0.012129567, 0.14219686, -0.0024126046, 0.34294367, 0.07022707, 0.3023322, 0.21868555, -0.7806236, -0.36769992, -0.16754176, -0.51298296, 1.6225455, 0.050654974, 0.053544182, 0.3638667]"
259,qwen1.5-110b-chat,"[-0.48308286, 0.1741375, -1.0952122, 0.15349077, 0.5740955, -0.2865591, 0.028908806, 1.4582365, 0.016692603, -1.1600707, -0.19599253, 0.07302949, -0.12128148, 0.8743938, 0.203581, -0.33613503, 0.23328413, 1.4166439, -1.1563606, 0.8730932]"
260,qwen1.5-32B,"[0.76271975, 0.9527155, -0.37158105, 0.6347907, 0.43613982, -1.2019329, 0.632866, -0.897305, 0.039295003, -0.6566969, 0.39889577, 0.24707095, -0.69567525, 0.78991956, -0.03546332, -0.4057601, -0.82642215, -0.3149641, -0.26320463, -0.1372176]"
261,qwen1.5-32b-chat,"[0.28213182, 0.555325, -1.0286093, -0.21715823, -0.7439264, -0.60030925, -0.9622618, -0.6964989, -0.04159013, 0.111415245, 0.5487128, -0.39205584, -0.55921435, 0.12826206, -0.6437278, -2.1483262, -0.30625215, 0.72977126, -1.7151273, -0.18569143]"
262,qwen1.5-72b-chat,"[-0.33051723, 0.035489693, -0.46482587, -0.13500065, -0.1538956, -0.9549046, 0.5084771, -0.36619735, -0.5492485, -0.11031241, -1.5820138, -0.028409284, 1.0010597, 0.2162255, -0.58857274, -1.3531697, -0.1417247, 0.6792578, -1.3584571, 0.5100436]"
263,qwen1.5-7b-chat,"[-0.2500179, -0.61096126, -1.9207668, 0.35365763, 0.65242887, 0.3682207, 0.38614058, -0.40916702, -0.68293923, 0.27300662, -0.72309923, -0.56352663, -0.7193804, 0.41309085, -0.33356962, 0.08939346, -1.0909126, 0.0074596866, -2.5593126, 0.10312978]"
264,qwen2-57b-a14b-instruct,"[0.36776727, -0.2199396, -1.4420444, 1.0875132, -0.56211174, 0.9133555, -0.05495546, 0.029056987, 0.60856414, 0.79564553, -0.017549515, -0.43848932, -1.7673627, 0.5286131, -1.65006, -0.026609905, 0.3503809, -0.1727202, -0.99251574, 0.19308738]"
265,qwen2-72b-instruct,"[-1.3914422, 1.1918094, -1.4650816, 1.2983985, 0.16059816, 0.64681035, 0.13806114, -0.10466292, 0.4450837, 0.20361303, -0.043055203, -0.4409161, 0.19970842, -0.3367768, -0.28273267, -0.30449262, 0.9410908, -0.8469723, -0.21396193, -0.117508724]"
266,qwen2-7b-instruct,"[-0.5205091, 1.1098822, -2.2175035, 1.5407135, 0.17415369, -0.2596658, -0.33053684, 0.513194, 0.26829585, -0.8986666, 0.62114245, -0.7247494, -0.08616809, 0.1965821, -0.104573674, 0.62152416, 0.29835144, 1.266133, -1.4637308, 0.32308143]"
267,qwen2.5-14b-instruct,"[-0.54573417, -0.7949277, -1.4844544, 0.48094502, 0.4445277, 0.27804095, 0.61993694, 0.37864038, 0.47884235, 0.9031885, 0.5047387, -0.11409549, -0.55520296, 0.2721528, -0.1563146, -0.67335904, 0.78171635, -0.27920645, 0.5601882, -0.35230708]"
268,qwen2.5-32b-instruct,"[-0.37278602, 0.07730899, -1.1417001, 0.3767663, 0.114580564, -0.23305003, -0.0559104, 0.18531561, 0.6916698, 0.013043221, 0.44877034, -0.60656893, -0.99896604, 0.21855298, -0.17036492, -0.2053278, 1.1945431, -0.18639143, 0.50011903, 0.048566006]"
269,qwen2.5-72b-instruct,"[-0.47456953, -0.2688698, -1.0354928, 0.12535672, 0.19183365, -0.5115193, -0.22064914, -0.24527694, 0.06305064, -0.07016401, 0.020990776, -0.6233582, -1.031564, 0.4286552, 0.4644419, -0.8392928, 1.0469034, 0.86404735, 0.9233234, -0.09990073]"
270,qwen2.5-7b-instruct,"[-0.09055912, 0.097282045, -2.3684478, 0.10494159, 0.3587139, -0.08437709, 0.3526207, -0.3995995, 0.34032163, 0.2936226, 0.18133438, -0.31373432, -0.48288116, -0.28310502, 0.2759164, 0.5005753, 0.90772396, -0.45050347, -0.33851233, -0.28803235]"
